1,VexTheWarlock,80.1619,680,T,J
2,SilasStormblade,253.524,822,M,J
3,JinxedArrow,218.443,692,J,M
4,IroncladMike,380.407,140,T,J
5,MysticBloom,176.895,394,S,A
6,Swiftstrike,377.984,753,A,S
7,AlphaSpecter,288.253,936,J,A
8,CrimsonTalon,163.841,515,M,T
9,GhostPepper_,72.4783,123,A,S
10,LunarEchoes,92.7041,297,S,J
11,ZenithKing,349.965,323,T,A
12,RogueWaveXD,154.77,492,J,S
13,HyperionPrime,205.145,385,M,A
14,ToxicLlama,270.742,706,A,T
15,PixelSage,198.972,918,S,M
16,Doomhammer01,307.054,194,T,J
17,Whisperwind,99.3649,1080,J,M
18,StaticShift,389.747,660,M,S
19,FortyTwoHz,266.261,151,A,T
20,HealerBot_47,142.349,1179,S,J
21,SteelCurtain,142.995,1269,T,S
22,MadJester_,233.286,226,J,A
23,VoidWalker,155.439,279,M,T
24,GamerTag_99,196.171,17,A,S
25,AzureFlame,91.9126,906,S,M
26,TheBrimstone,236.952,999,T,J
27,ShadowDrift,48.502,241,J,A
28,CodeBreaker,45.1047,225,M,S
29,NocturneADC,250.236,1001,A,T
30,SupportiveSnail,192.311,499,S,J
31,ElCapitanoTop,254.425,656,T,M
32,JungleBoi88,309.282,507,J,S
33,MidLaneMaestro,300.758,144,M,A
34,KiteAndSmite,211.855,1417,A,J
35,WardPlacementPro,359.646,16,S,T
36,TheDreadnought,263.485,108,T,M
37,FlankingFairy,137.527,421,J,A
38,ZAP_Gamer,76.6915,15,M,S
39,FinalBoss_7,37.5063,284,A,T
40,SilverShield,46.9069,777,S,J
41,TankMasterFlex,69.495,618,T,A
42,GankingGuru,72.0399,357,J,M
43,SpellSlinger,182.898,398,M,A
44,CannonMinion,301.988,86,A,S
45,UtilityBelt,357.807,548,S,T
46,PentaKillPete,230.559,502,T,J
47,BushCamper,44.9707,232,J,S
48,AfkFarmGod,252.319,424,M,T
49,CaliPanda,248.946,718,A,J
50,SenpaiSupp,290.323,158,S,M
51,TheBaronSlayer,196.159,284,T,S
52,InvadeOrAFK,217.115,251,J,A
53,LaneBully_M,57.3303,858,M,T
54,CritMachine,80.6247,564,A,J
55,AuraSupport,227.624,566,S,A
56,TowerDiver,395.129,554,T,M
57,PathingIsKey,75.2425,242,J,S
58,RoamingRanger,248.349,218,M,J
59,HyperCarryKid,211.124,477,A,T
60,TheWardingTree,319.633,1066,S,M
61,TopDiffSolo,262.949,525,T,A
62,SmiteStealer,245.037,360,J,S
63,MidOrFeedDuo,4.43388,1091,M,J
64,EzPzLemonSqzy,393.266,405,A,M
65,PeelMePlease,82.9017,392,S,T
66,BruiserBuddy,270.572,368,T,A
67,JungleGapGG,253.488,969,J,M
68,ZhonyaRush,328.315,256,M,S
69,OneShotWonder,36.8731,1622,A,J
70,EnchanterMain,103.456,125,S,T
71,TheSplitPusher,365.138,690,T,S
72,ObjectiveSecurer,290.384,84,J,A
73,TheCarryPotato,279.692,802,M,T
74,FarmForDays,316.601,166,A,S
75,GuardianAngel,96.8808,402,S,M
76,TanksAreFun,368.949,575,T,J
77,MyHandsAreCold,262.645,55,J,S
78,LaneDominator,5.66375,52,M,A
79,ADC_Diff,37.5307,1178,A,T
80,HookMaster,182.606,847,S,J
81,TPForKills,366.343,309,T,M
82,DeepVision,119.883,842,J,A
83,CleanseExpert,43.753,484,M,S
84,LastHitLegend,227.794,83,A,T
85,PillowFighter,298.725,211,S,J
86,TeleportKing,138.392,825,T,A
87,JgGaps,83.9246,965,J,M
88,FedMidlaner,394.618,136,M,A
89,AFK_ADC,6.26041,809,A,S
90,RoamingWarden,373.844,123,S,T
91,SunfireCape,160.067,157,T,J
92,SmiteAndWin,51.4123,1058,J,S
93,TheGrievous,268.112,244,M,T
94,ZoomAndBoom,40.6236,1044,A,J
95,MuteAllChat,168.176,727,S,M
96,SplitPushGod,309.173,221,T,A
97,InvadeKing,342.014,356,J,M
98,TwitchRival,177.273,1106,M,S
99,AutoAttackADC,357.917,233,A,T
100,ShieldMePlz,98.8169,336,S,J
101,TopLaneTerror,205.84,580,T,J
102,SkilledJungle,363.299,246,J,M
103,MidGod_EUW,59.8144,768,M,S
104,LastHitLover,238.973,104,A,T
105,CC_Master,374.696,113,S,A
106,BlinkStrike,315.261,375,T,M
107,EpicSmite,129.028,407,J,S
108,TheMidBeast,344.035,694,M,A
109,PewPewLaser,54.2008,274,A,J
110,HealForDays,90.22,782,S,T
111,SoloCarryKing,389.918,240,T,A
112,GankOrDie,355.944,130,J,M
113,ComboQueen,176.177,1055,M,S
114,FlashAndKill,6.3213,0,A,T
115,PinkWardHero,323.115,70,S,J
116,InvincibleTank,328.035,722,T,S
117,ObjectiveKing,107.036,78,J,A
118,TheZoner,392.633,444,M,T
119,HighDamageXD,264.897,919,A,S
120,VisionaryPro,268.77,508,S,M
121,OffMetaTop,161.321,212,T,J
122,BaronBuster,283.09,559,J,A
123,SilenceStorm,188.061,797,M,S
124,SixItemADC,58.0487,615,A,S
125,TheAnchor,306.762,1457,S,M
126,ProxyFarmer,353.801,975,T,J
127,RiftHeraldBoss,117.228,349,J,M
128,LaneFreeze,46.9556,153,M,S
129,FocusTheTank,10.912,2,A,T
130,TeamFightWiz,41.135,827,S,J
131,BruiserMain,46.0788,607,T,A
132,MapAwareness,358.331,195,J,S
133,AP_Carry_Mid,389.309,143,M,T
134,CritChance_90,125.289,442,A,J
135,Support_GG,216.945,264,S,M
136,ImmortalTurtle,297.251,631,T,J
137,JungleTrackr,38.5779,460,J,A
138,SynergyMid,317.489,818,M,S
139,AdrenalineRush,29.6644,155,A,T
140,TheTactician,278.012,356,S,J
141,TopIsEasy,78.9686,532,T,S
142,CounterGankr,342.513,542,J,A
143,AssassinateMe,31.0282,802,M,T
144,TrueDamageOnly,95.2126,74,A,S
145,BraumIsMyGod,213.535,638,S,M
146,TheFedOne,40.1487,555,T,J
147,JunglerDiff_,64.4903,918,J,A
148,MidGapHere,334.768,528,M,S
149,KDA_Player,131.159,322,A,T
150,TankKiller,193.517,295,S,J
151,DoranShield,26.7785,633,T,A
152,NocturnalHunter,353.557,202,J,M
153,PokeMaster,31.2474,576,M,S
154,CleanUpCrew,7.35633,294,A,T
155,JustPeel,301.051,1012,S,J
156,TeleportFlank,22.4557,315,T,M
157,FlashOverWall,232.836,1049,J,S
158,RoamingSupport,126.349,57,M,A
159,OnePunchMan,332.918,857,A,T
160,MikaelsSaviour,257.47,428,S,J
161,HardCarryTop,29.9323,654,T,S
162,EarlyGameWin,332.991,89,J,A
163,BlueBuffStealer,399.355,725,M,T
164,AFKPush,356.443,400,A,M
165,SupportOnly,145.101,176,S,T
166,MainTank,17.6823,733,T,J
167,AggroJungle,248.653,419,J,A
168,ControlMage,333.575,536,M,S
169,TheMarksman,164.937,352,A,T
170,LuluFanatic,136.346,733,S,J
171,Unkillable,60.3623,948,T,M
172,RedBuffRush,283.979,533,J,S
173,KarthusMid,97.4166,196,M,A
174,BaronSolo,383.89,60,A,J
175,TaricMain,196.597,970,S,T
176,DariusOnly,182.168,856,T,J
177,SecuredDrake,227.977,926,J,M
178,TheFountain,274.432,710,M,S
179,ZiggsBot,6.35783,799,A,T
180,BlindPickGod,127.311,713,S,J
181,PermaBan,34.9004,658,T,S
182,Invader_JGL,250.31,279,J,A
183,ZedMaster,134.568,372,M,T
184,AlwaysCrit,49.7928,181,A,S
185,ADCBodyguard,316.357,454,S,M
186,WomboCombo,338.543,337,T,J
187,CounterPick,218.187,1380,J,M
188,UltStealer,88.9049,0,M,S
189,LateGameMonster,112.321,2225,A,T
190,ClutchPlayz,58.1948,882,S,J
191,HullbreakerTop,12.2514,267,T,A
192,FarmToWin,257.323,228,J,S
193,OneTapMid,154.867,505,M,T
194,FastPushBot,289.203,349,A,M
195,TheDisengage,217.322,189,S,A
196,TP_GANK,203.148,772,T,J
197,SmarterThanYou,41.0498,361,J,M
198,BronzeToChallenger,32.7817,124,M,S
199,OnlyAD,277.756,584,A,T
200,WardHoarder,79.2121,845,S,J
201,TheUnstoppable,63.7718,893,T,J
202,JunglePhenom,345.508,25,J,M
203,MidlaneGosu,195.867,876,M,S
204,QuickScopeADC,138.355,179,A,T
205,TheSaviorSupp,81.9763,334,S,A
206,TowerHugger,396.785,264,T,M
207,FarmingFocus,39.966,596,J,S
208,BurstDamage,64.3685,1067,M,A
209,CritMonster,380.529,367,A,J
210,AegisSupport,325.867,219,S,T
211,TopFragger,201.444,450,T,A
212,ObjectiveFocused,46.3224,1088,J,M
213,ComboBreaker,93.0816,0,M,S
214,GoldFarmer,237.353,475,A,T
215,TankySupport,68.947,87,S,J
216,TheSoloist,217.176,839,T,S
217,InvadeKingpin,133.375,246,J,A
218,ControlFreak,36.0573,733,M,T
219,TheSniper,169.869,766,A,S
220,GuardianAura,65.0017,397,S,M
221,SplitMaster,223.119,797,T,J
222,EarlyPressure,213.353,1426,J,A
223,UtilityMid,260.015,15,M,T
224,CleanKills,24.0265,1515,A,S
225,MutePinger,153.954,436,S,M
226,IronGiantTop,305.739,637,T,J
227,DragonSlayer,7.78253,195,J,S
228,LaneSwapper,70.7614,249,M,A
229,ThePillager,58.962,93,A,J
230,WardSweeper,324.966,946,S,T
231,NeverSurrender,339.834,694,T,M
232,JungleMentor,325.258,36,J,A
233,MidMainBot,254.608,0,M,S
234,PentaHunt,284.222,717,A,T
235,BaitMaster,124.169,280,S,J
236,HardToKill,78.9564,542,T,S
237,MapHacker,217.042,29,J,A
238,Snowballer,326.768,781,M,T
239,TheBoomer,223.289,307,A,J
240,Spellshield,249.238,425,S,M
241,TP_Only,46.6511,871,T,A
242,JunglePathing,172.731,536,J,S
243,OneTrickMid,16.6229,1060,M,T
244,GlassCannon,95.7849,1261,A,S
245,GuardianShield,393.473,236,S,M
246,SplitPushPro,390.112,760,T,J
247,GankMachine,21.3354,924,J,A
248,TheArchitect,381.175,269,M,S
249,ADC_Flex,207.569,378,A,T
250,HealingFocus,215.995,1016,S,J
251,BigDamageTop,99.6693,219,T,A
252,JungleBae,219.697,1509,J,M
253,RoamingMid,257.104,239,M,S
254,FastPaceADC,19.8863,384,A,T
255,ExhaustFlash,98.6586,706,S,J
256,Invincible_T,195.94,788,T,S
257,SecureTheBag,206.935,667,J,A
258,SkillShotKing,342.196,1029,M,T
259,LethalityOnly,390.806,274,A,S
260,RelicShield,193.979,800,S,M
261,TheFrontliner,392.572,656,T,J
262,JungleCarry,13.7248,643,J,A
263,MidControl,383.135,428,M,T
264,TheKiter,129.6,282,A,S
265,SupportLife,72.3809,760,S,J
266,MyLaneMyRules,52.3256,86,T,M
267,CampTheLane,44.4958,1580,J,S
268,ZedAndDone,6.88144,101,M,A
269,TheOutplay,100.984,892,A,J
270,GlobalUlt,281.482,460,S,T
271,VeteranTop,124.364,2627,T,S
272,JungleSmurf,309.039,786,J,A
273,MidLaneMaster,210.345,0,M,T
274,KarthusBot,154.879,24,A,S
275,PeelExpert,128.078,975,S,M
276,ThePusher,342.062,60,T,J
277,CounterJungler,38.7727,633,J,M
278,BigBrainMid,308.101,85,M,S
279,FocusFire,95.8823,997,A,T
280,AgressiveSupport,329.131,136,S,J
281,TheStoic,79.614,194,T,A
282,EarlyGanks,360.961,834,J,S
283,FastRecall,63.4187,316,M,T
284,CleanFarming,86.2869,1280,A,J
285,TheCloser,118.142,413,S,M
286,LastManStanding,265.019,934,T,J
287,PathingGod,59.3638,875,J,A
288,MidDiff_GG,77.2273,206,M,S
289,TheDamageDealer,107,1052,A,T
290,WardenOfLight,320.741,791,S,J
291,SoloQueueHero,103.59,849,T,M
292,MasterYiOnly,71.7721,239,J,S
293,MidGameSpike,250.577,459,M,A
294,TheExecutioner,375.671,1036,A,J
295,SupportAce,268.672,777,S,T
296,TrueChampion,9.03674,105,T,M
297,JungleMVP,61.5678,215,J,S
298,MidlaneCarried,111.274,393,M,A
299,TheCannon,268.258,1244,A,T
300,HealingHands,284.624,537,S,J
301,TheRenegade,342.148,614,T,J
302,JungleGhost,131.634,54,J,M
303,MidGodly,230.741,604,M,S
304,SharpShooter,77.8727,427,A,T
305,AuraOfMight,272.009,759,S,A
306,Unbreakable,175.799,705,T,M
307,EarlyDominance,127.14,225,J,S
308,TheIllusionist,115.791,843,M,A
309,KitingExpert,338.738,56,A,J
310,HealingRain,151.969,668,S,T
311,SplitPushManiac,309.416,75,T,A
312,GankMagnet,110.263,248,J,M
313,LaneControl,100.704,359,M,S
314,DamageIncarnate,315.212,432,A,T
315,UtilityFocus,229.17,308,S,J
316,TeamFightTop,58.4262,183,T,S
317,TheTracker,321.069,350,J,A
318,ZoningMage,301.988,903,M,T
319,HyperFocus,187.051,1356,A,S
320,ShieldSlinger,31.9171,387,S,M
321,TheWarlord,58.7915,522,T,J
322,ObjectiveNinja,126.105,190,J,A
323,ArtilleryMid,389.625,853,M,T
324,ADC_Saviour,63.5161,429,A,S
325,GuardianAngel_,250.699,131,S,M
326,OffTankKing,56.4535,1387,T,J
327,JungleGapNow,169.151,647,J,M
328,ThePredictor,343.195,86,M,S
329,FastHands,380.042,210,A,T
330,TheCatalyst,87.1028,614,S,J
331,SoloCarryKingV2,22.1025,524,T,A
332,FeralHunter,139.975,618,J,S
333,SynergyExpert,164.828,596,M,T
334,PinchHitter,309.087,1283,A,J
335,TheTactician_,144.699,153,S,M
336,BruiserBoss,50.706,552,T,J
337,GankingMaster,43.546,758,J,A
338,MidFarmBot,101.532,1539,M,S
339,AutoAttacker,116.388,220,A,T
340,ThePeeler,7.02756,770,S,J
341,WaveControl,21.993,182,T,S
342,JungleVeteran,244.428,723,J,A
343,PokingPrince,192.506,764,M,T
344,CritOrQuit,35.5945,439,A,S
345,TeamShield,235.466,229,S,M
346,TopLaneMain,284.587,771,T,J
347,EarlyGamer,79.1512,52,J,A
348,CleanseMaster,193.103,1882,M,T
349,FastLanePush,395.653,248,A,S
350,HookAndBait,45.1899,709,S,J
351,TheCloserT,40.3435,238,T,M
352,SecuredBaron,286.913,784,J,S
353,ControlWard,279.485,328,M,A
354,ThePewPew,4.67742,564,A,J
355,MikaelsMaster,210.589,160,S,T
356,TankyMage,191.909,367,T,J
357,BushWarrior,25.5851,407,J,M
358,APMidOnly,257.871,383,M,S
359,LategameCarry,170.003,6,A,T
360,RoamingWard,177.504,1031,S,J
361,TheWallT,1.17048,405,T,A
362,ObjectiveHero,366.441,1125,J,S
363,ZhonyaMaster,240.897,641,M,T
364,ADCCarryXD,60.1066,463,A,M
365,SpellWeaver,202.32,351,S,T
366,PermaPush,210.735,166,T,J
367,DeepVisionJGL,179.221,1277,J,S
368,LanePriority,186.332,294,M,A
369,FlashingAway,147.33,58,A,T
370,TheHealerBot,159.75,611,S,J
371,FrontToBack,310.609,281,T,S
372,JungleMainMan,269.147,101,J,A
373,MidOrAFK,24.2213,621,M,T
374,KillsEqualWins,272.313,282,A,S
375,TeamBooster,385.473,1056,S,M
376,DuoQueueTop,279.023,704,T,J
377,SoloBaron,62.0062,195,J,A
378,QuickRotation,38.4805,785,M,S
379,TheFinisher,5.83422,260,A,T
380,MuteAll,210.625,698,S,J
381,TheAnchorT,83.6567,591,T,A
382,GankOnly,369.119,291,J,S
383,MidlaneGrinder,287.583,711,M,T
384,OneHitKill,133.886,854,A,J
385,TheProtector,200.64,254,S,M
386,CannonFodder,165.4,22,T,J
387,InvadeExpert,236.391,266,J,A
388,MidLaneCarry,142.982,664,M,S
389,TheCleanUp,217.87,382,A,T
390,SupportTheTeam,348.772,504,S,J
391,SoloQWarrior,269.379,219,T,M
392,JungleSmurfV2,16.282,940,J,S
393,TheCarry_Mid,304.838,533,M,A
394,MyThresh,101.484,547,A,T
395,TheUtility,375.731,279,S,J
396,TopLaneMain_,195.514,537,T,A
397,FastClear,102.847,706,J,M
398,MidLaneMonster,193.614,857,M,S
399,ObjectivePush,161.004,708,A,T
400,TheGuardian,306.384,337,S,J
401,TheDemolisher,21.1893,659,T,J
402,JungleReaper,141.68,171,J,M
403,MidlaneSorcerer,238.827,679,M,S
404,SilverBolt,20.8361,261,A,T
405,HolyShield,296.022,736,S,A
406,RageQuitTop,84.5334,637,T,M
407,EpicComeback,244.282,767,J,S
408,TheMidlaner,79.2487,25,M,A
409,ShadowDance,367.926,666,A,J
410,RedemptionArc,106.951,246,S,T
411,BruiserBlitz,114.939,681,T,A
412,EfficientGanks,292.697,955,J,M
413,LanePhaseMaster,136.821,0,M,S
414,FastestFingers,315.285,490,A,T
415,UtilityFocusV2,312.838,738,S,J
416,OneVersusFive,323.432,329,T,S
417,JungleGapNot,64.3442,144,J,A
418,TheCarryMage,380.821,1546,M,T
419,LateGameSpike,52.1429,270,A,S
420,GuardianMain,64.125,1031,S,M
421,TheTanker,86.1286,624,T,J
422,PathingGenius,259.126,895,J,A
423,SyndraOnly,378.142,0,M,T
424,ADC_King,226.674,298,A,S
425,HealBot9000,289.312,539,S,M
426,PermaSplit,3.08225,832,T,J
427,TheOpportunist,388.895,861,J,A
428,LaneKingdom,360.06,432,M,S
429,BigCritEnergy,125.63,406,A,T
430,TheProtector_,377.826,214,S,J
431,DoranRingTop,228.476,623,T,A
432,CampMaster,95.3222,621,J,S
433,RoamingAssassin,312.436,382,M,T
434,TheSnowball,200.165,1015,A,J
435,PeelOrDie,340.272,259,S,M
436,TheVeteran,39.1624,825,T,J
437,QuickClear,201.967,217,J,A
438,ControlWardMid,91.0846,424,M,S
439,TeamFightADC,234.699,582,A,T
440,TheBaiter,133.862,632,S,J
441,OnlyTanks,357.235,264,T,S
442,VisionControl,184.591,463,J,A
443,SafeMidlane,225.359,73,M,T
444,HighMechanics,284.307,338,A,S
445,HookMasterV2,321.849,331,S,M
446,HardToGank,284.38,794,T,J
447,RedSideJungle,210.869,398,J,M
448,Midlaner_GG,271.936,465,M,S
449,FlashForCS,125.131,897,A,T
450,TheShielder,386.057,703,S,J
451,TopOfTheCharts,153.199,197,T,A
452,ObjectiveStealer,165.059,230,J,S
453,CleanMidlaner,297.97,173,M,T
454,LateGameMonsterV2,80.9656,1045,A,M
455,EnchanterMain_,319.876,344,S,T
456,NeverDie,240.665,1606,T,J
457,FastGanks,162.392,173,J,A
458,MidlaneCarry_,345.642,880,M,S
459,KDAisKey,354.909,441,A,T
460,TheMessiah,30.8943,749,S,J
461,TheBoss,342.866,736,T,S
462,JungleMentorV2,247.558,700,J,A
463,MidlaneGod_,33.768,859,M,T
464,TheKite,297.507,576,A,S
465,OneForAll,84.8257,880,S,M
466,TeamPlayer,51.6315,601,T,J
467,JungleMaster,368.389,259,J,M
468,SoloCarryMid,365.552,732,M,S
469,TheMarksmanV2,116.62,463,A,T
470,WardPlacer,66.0855,1836,S,J
471,TheBruiser,336.144,759,T,A
472,GankOnlyV2,205.267,595,J,S
473,ControlMageV2,44.4593,277,M,T
474,TheExecutionerV2,327.621,1305,A,J
475,HealingPower,268.21,703,S,M
476,TopOrAFK,92.8259,802,T,J
477,MapGenius,218.382,119,J,A
478,FedMidlane,41.1472,591,M,S
479,TheCritGod,388.213,1036,A,T
480,SupportKing,56.6362,183,S,J
481,TheTankV2,251.016,681,T,S
482,SecuredAll,277.841,1098,J,A
483,UltiKing,349.113,27,M,T
484,ADC_Main,318.865,659,A,S
485,TheClutch,136.87,223,S,M
486,CannonTop,68.4721,640,T,J
487,JungleMVPV2,229.889,304,J,A
488,MidlanePro,151.092,270,M,S
489,OneTapADC,144.334,175,A,T
490,GuardianAngelV2,169.138,1596,S,J
491,TopLaneGosu,61.4948,494,T,M
492,TheInvader,343.597,718,J,S
493,MidGapHereV2,240.69,0,M,A
494,DamageDealer,247.119,713,A,J
495,UtilitySupport,338.775,718,S,T
496,IronWillV2,323.091,786,T,M
497,TheGanker,10.6197,1238,J,S
498,ZhonyaRage,173.132,361,M,A
499,TheCannonV2,188.853,1013,A,T
500,HealingHandsV2,305.702,704,S,J
501,TheFinalBoss,227.49,642,T,J
502,JungleVeteran_,344.741,16,J,M
503,MidlaneGoddess,41.7926,1194,M,S
504,SniperADC,317.709,275,A,T
505,TeamAnchor,254.596,137,S,A
506,TopLaneMainV3,155.817,528,T,M
507,EpicSmiteV2,286.865,274,J,S
508,TheIllusionistV2,86.9688,445,M,A
509,KitingExpertV2,17.0735,398,A,J
510,HealingRainV2,310.427,967,S,T
511,SplitPushManiacV2,366.051,703,T,A
512,GankMagnetV2,16.6473,348,J,M
513,LaneControlV2,322.458,505,M,S
514,DamageIncarnateV2,115.499,809,A,T
515,UtilityFocusV3,162.648,741,S,J
516,TeamFightTopV2,61.9453,759,T,S
517,TheTrackerV2,295.388,119,J,A
518,ZoningMageV2,238.888,838,M,T
519,HyperFocusV2,156.219,698,A,S
520,ShieldSlingerV2,312.643,637,S,M
521,TheWarlordV2,68.8374,667,T,J
522,ObjectiveNinjaV2,72.1861,45,J,A
523,ArtilleryMidV2,206.655,700,M,T
524,ADC_SaviourV2,101.995,134,A,S
525,GuardianAngelV3,315.225,849,S,M
526,OffTankKingV2,184.907,737,T,J
527,JungleGapNowV2,222.023,1620,J,M
528,ThePredictorV2,243.089,133,M,S
529,FastHandsV2,375.524,383,A,T
530,TheCatalystV2,206.266,675,S,J
531,SoloCarryKingV3,178.539,610,T,A
532,FeralHunterV2,25.7191,856,J,S
533,SynergyExpertV2,136.054,512,M,T
534,PinchHitterV2,227.295,1481,A,J
535,TheTacticianV3,353.545,319,S,M
536,BruiserBossV2,358.294,743,T,J
537,GankingMasterV2,229.073,0,J,A
538,MidFarmBotV2,49.5858,746,M,S
539,AutoAttackerV2,37.8716,48,A,T
540,ThePeelerV2,298.786,1105,S,J
541,WaveControlV2,120.54,788,T,S
542,JungleVeteranV2,383.159,540,J,A
543,PokingPrinceV2,376.352,175,M,T
544,CritOrQuitV2,353.923,1129,A,S
545,TeamShieldV2,232.41,138,S,M
546,TopLaneMainV4,319.974,600,T,J
547,EarlyGamerV2,26.8272,220,J,A
548,CleanseMasterV2,190.083,527,M,T
549,FastLanePushV2,81.9519,412,A,S
550,HookAndBaitV2,372.529,811,S,J
551,TheCloserT_V2,59.583,1099,T,M
552,SecuredBaronV2,144.821,1991,J,S
553,ControlWardV2,181.096,557,M,A
554,ThePewPewV2,216.994,672,A,J
555,MikaelsMasterV2,4.5313,501,S,T
556,TankyMageV2,167.361,466,T,J
557,BushWarriorV2,77.5561,0,J,M
558,APMidOnlyV2,31.3935,298,M,S
559,LategameCarryV2,270.84,307,A,T
560,RoamingWardV2,390.368,1091,S,J
561,TheWallT_V2,280.703,377,T,A
562,ObjectiveHeroV2,154.258,1353,J,S
563,ZhonyaMasterV2,28.5563,665,M,T
564,ADCCarryV3,153.041,483,A,M
565,SpellWeaverV2,54.7975,630,S,T
566,PermaPushV2,373.174,309,T,J
567,DeepVisionJGLV2,190.972,739,J,S
568,LanePriorityV2,76.9716,325,M,A
569,FlashingAwayV2,19.8376,280,A,T
570,TheHealerBotV2,351.938,826,S,J
571,FrontToBackV2,188.037,110,T,S
572,JungleMainManV2,24.6353,252,J,A
573,MidOrAFKV2,345.338,860,M,T
574,KillsEqualWinsV2,111.359,106,A,S
575,TeamBoosterV2,164.755,621,S,M
576,DuoQueueTopV2,335.195,1529,T,J
577,SoloBaronV2,285.294,283,J,A
578,QuickRotationV2,77.7387,521,M,S
579,TheFinisherV2,87.8455,347,A,T
580,MuteAllV2,364.37,568,S,J
581,TheAnchorT_V2,214.022,527,T,A
582,GankOnlyV2,12.8116,1394,J,S
583,MidlaneGrinderV2,212.464,702,M,T
584,OneHitKillV2,126.994,1033,A,J
585,TheProtectorV2,339.773,95,S,M
586,CannonFodderV2,329.325,821,T,J
587,InvadeExpertV2,377.546,463,J,A
588,MidLaneCarryV2,266.225,975,M,S
589,TheCleanUpV2,48.7456,928,A,T
590,SupportTheTeamV2,318.171,292,S,J
591,SoloQWarriorV2,187.233,59,T,M
592,JungleSmurfV3,162.599,1083,J,S
593,TheCarry_MidV2,36.8,392,M,A
594,MyThreshV2,381.905,1146,A,T
595,TheUtilityV2,340.248,33,S,J
596,TopLaneMainV5,180.451,788,T,A
597,FastClearV2,9.10981,434,J,M
598,MidLaneMonsterV2,7.81906,771,M,S
599,ObjectivePushV2,381.406,589,A,T
600,TheGuardianV2,283.516,363,S,J
601,TheRenegadeV2,90.2687,541,T,J
602,JungleGhostV2,171.403,671,J,M
603,MidGodlyV2,319.352,863,M,S
604,SharpShooterV2,219.295,426,A,T
605,AuraOfMightV2,320.996,250,S,A
606,UnbreakableV2,307.188,602,T,M
607,EarlyDominanceV2,187.647,228,J,S
608,TheIllusionistV3,287.096,344,M,A
609,KitingExpertV3,398.977,418,A,J
610,HealingRainV3,133.923,720,S,T
611,SplitPushManiacV3,205.145,143,T,A
612,GankMagnetV3,308.235,606,J,M
613,LaneControlV3,25.0006,312,M,S
614,DamageIncarnateV3,62.2863,468,A,T
615,UtilityFocusV4,2.03504,56,S,J
616,TeamFightTopV3,202.381,896,T,S
617,TheTrackerV3,16.9761,0,J,A
618,ZoningMageV3,97.5627,1292,M,T
619,HyperFocusV3,365.284,743,A,S
620,ShieldSlingerV3,187.501,852,S,M
621,TheWarlordV3,163.829,673,T,J
622,ObjectiveNinjaV3,142.897,405,J,A
623,ArtilleryMidV3,383.963,975,M,T
624,ADC_SaviourV3,17.3536,44,A,S
625,GuardianAngelV4,365.966,418,S,M
626,OffTankKingV3,19.6063,892,T,J
627,JungleGapNowV3,231.143,1751,J,M
628,ThePredictorV3,62.0427,44,M,S
629,FastHandsV3,236.428,80,A,T
630,TheCatalystV3,114.842,888,S,J
631,SoloCarryKingV4,68.8861,14,T,A
632,FeralHunterV3,54.5661,353,J,S
633,SynergyExpertV3,118.215,195,M,T
634,PinchHitterV3,175.215,997,A,J
635,TheTacticianV4,126.044,202,S,M
636,BruiserBossV3,303.827,693,T,J
637,GankingMasterV3,288.058,216,J,A
638,MidFarmBotV3,348.833,1492,M,S
639,AutoAttackerV3,16.1115,280,A,T
640,ThePeelerV3,399.123,874,S,J
641,WaveControlV3,104.796,424,T,S
642,JungleVeteranV3,398.234,893,J,A
643,PokingPrinceV3,350.391,680,M,T
644,CritOrQuitV3,206.497,202,A,S
645,TeamShieldV3,257.287,312,S,M
646,TopLaneMainV6,388.578,1768,T,J
647,EarlyGamerV3,324.199,174,J,A
648,CleanseMasterV3,177.029,1293,M,T
649,FastLanePushV3,293.318,757,A,S
650,HookAndBaitV3,369.692,821,S,J
651,TheCloserT_V3,316.601,492,T,M
652,SecuredBaronV3,181.449,752,J,S
653,ControlWardV3,170.794,866,M,A
654,ThePewPewV3,361.351,287,A,J
655,MikaelsMasterV3,388.444,87,S,T
656,TankyMageV3,275.029,632,T,J
657,BushWarriorV3,7.73382,171,J,M
658,APMidOnlyV3,155.391,715,M,S
659,LategameCarryV3,127.993,878,A,T
660,RoamingWardV3,213.316,929,S,J
661,TheWallT_V3,388.079,386,T,A
662,ObjectiveHeroV3,243.88,363,J,S
663,ZhonyaMasterV3,305.191,703,M,T
664,ADCCarryV4,324.613,136,A,M
665,SpellWeaverV3,193.017,989,S,T
666,PermaPushV3,195.1,273,T,J
667,DeepVisionJGLV3,212.549,1162,J,S
668,LanePriorityV3,160.651,45,M,A
669,FlashingAwayV3,299.967,284,A,T
670,TheHealerBotV3,175.604,784,S,J
671,FrontToBackV3,330.981,986,T,S
672,JungleMainManV3,324.564,217,J,A
673,MidOrAFKV3,143.604,502,M,T
674,KillsEqualWinsV3,343.938,550,A,S
675,TeamBoosterV3,208.421,603,S,M
676,DuoQueueTopV3,306.275,1034,T,J
677,SoloBaronV3,269.196,135,J,A
678,QuickRotationV3,223.362,654,M,S
679,TheFinisherV3,391.574,467,A,T
680,MuteAllV3,118.836,1314,S,J
681,TheAnchorT_V3,266.846,411,T,A
682,GankOnlyV3,360.255,1004,J,S
683,MidlaneGrinderV3,293.525,628,M,T
684,OneHitKillV3,161.662,984,A,J
685,TheProtectorV3,29.5913,386,S,M
686,CannonFodderV3,395.373,116,T,J
687,InvadeExpertV3,39.8686,299,J,A
688,MidLaneCarryV3,320.838,749,M,S
689,TheCleanUpV3,108.205,488,A,T
690,SupportTheTeamV3,243.807,310,S,J
691,SoloQWarriorV3,170.807,142,T,M
692,JungleSmurfV4,314.043,863,J,S
693,TheCarry_MidV3,327.389,768,M,A
694,MyThreshV3,106.683,990,A,T
695,TheUtilityV3,59.7656,829,S,J
696,TopLaneMainV7,294.938,869,T,A
697,FastClearV3,17.4631,626,J,M
698,MidLaneMonsterV3,25.439,836,M,S
699,ObjectivePushV3,98.5247,319,A,T
700,TheGuardianV3,133.545,86,S,J
701,TheFinalBossV2,223.204,826,T,J
702,JungleVeteranV3,287.924,354,J,M
703,MidlaneGoddessV2,129.758,608,M,S
704,SniperADCV2,377.57,744,A,T
705,TeamAnchorV2,71.6746,135,S,A
706,TopLaneMainV8,204.938,594,T,M
707,EpicSmiteV3,374.368,381,J,S
708,TheIllusionistV4,119.043,462,M,A
709,KitingExpertV4,30.054,242,A,J
710,HealingRainV4,157.461,825,S,T
711,SplitPushManiacV4,127.469,42,T,A
712,GankMagnetV4,357.551,395,J,M
713,LaneControlV4,245.086,206,M,S
714,DamageIncarnateV4,44.4106,620,A,T
715,UtilityFocusV5,71.3337,1236,S,J
716,TeamFightTopV3,104.077,645,T,S
717,TheTrackerV4,311.182,289,J,A
718,ZoningMageV4,227.928,922,M,T
719,HyperFocusV4,287.132,863,A,S
720,ShieldSlingerV4,200.859,90,S,M
721,TheWarlordV4,229.889,1064,T,J
722,ObjectiveNinjaV4,101.057,674,J,A
723,ArtilleryMidV4,212.756,596,M,T
724,ADC_SaviourV3,106.367,846,A,S
725,GuardianAngelV5,129.673,228,S,M
726,OffTankKingV4,375.123,659,T,J
727,JungleGapNowV4,209.846,1643,J,M
728,ThePredictorV4,226.723,365,M,S
729,FastHandsV4,104.82,463,A,T
730,TheCatalystV4,221.195,271,S,J
731,SoloCarryKingV5,213.864,579,T,A
732,FeralHunterV4,229.621,1786,J,S
733,SynergyExpertV4,136.163,0,M,T
734,PinchHitterV4,151.287,1203,A,J
735,TheTacticianV5,317.721,360,S,M
736,BruiserBossV4,336.144,176,T,J
737,GankingMasterV4,255.765,819,J,A
738,MidFarmBotV4,177.699,562,M,S
739,AutoAttackerV4,358.501,15,A,T
740,ThePeelerV4,16.6351,553,S,J
741,WaveControlV4,120.151,322,T,S
742,JungleVeteranV4,145.783,639,J,A
743,PokingPrinceV4,165.985,489,M,T
744,CritOrQuitV4,287.741,553,A,S
745,TeamShieldV4,149.047,38,S,M
746,TopLaneMainV9,157.948,1212,T,J
747,EarlyGamerV4,335.548,62,J,A
748,CleanseMasterV4,46.9677,708,M,T
749,FastLanePushV4,202.43,722,A,S
750,HookAndBaitV4,4.0564,879,S,J
751,TheCloserT_V4,395.848,904,T,M
752,SecuredBaronV4,223.009,1874,J,S
753,ControlWardV4,346.763,34,M,A
754,ThePewPewV4,303.937,964,A,J
755,MikaelsMasterV4,219.283,52,S,T
756,TankyMageV4,192.822,808,T,J
757,BushWarriorV4,82.2076,807,J,M
758,APMidOnlyV4,287.132,542,M,S
759,LategameCarryV4,348.309,919,A,T
760,RoamingWardV4,243.978,803,S,J
761,TheWallT_V4,182.825,31,T,A
762,ObjectiveHeroV4,102.896,1798,J,S
763,ZhonyaMasterV4,302.67,735,M,T
764,ADCCarryV5,119.311,668,A,M
765,SpellWeaverV4,329.24,616,S,T
766,PermaPushV4,191.288,442,T,J
767,DeepVisionJGLV4,116.814,818,J,S
768,LanePriorityV4,240.13,0,M,A
769,FlashingAwayV4,277.099,126,A,T
770,TheHealerBotV4,22.3095,901,S,J
771,FrontToBackV4,182.375,173,T,S
772,JungleMainManV4,34.2064,402,J,A
773,MidOrAFKV4,134.739,719,M,T
774,KillsEqualWinsV4,305.313,729,A,S
775,TeamBoosterV4,255.874,298,S,M
776,DuoQueueTopV4,363.835,958,T,J
777,SoloBaronV4,311.206,778,J,A
778,QuickRotationV4,202.186,130,M,S
779,TheFinisherV4,287.827,0,A,T
780,MuteAllV4,90.9872,1034,S,J
781,TheAnchorT_V4,299.224,657,T,A
782,GankOnlyV4,30.9064,1055,J,S
783,MidlaneGrinderV4,342.33,572,M,T
784,OneHitKillV4,159.068,1063,A,J
785,TheProtectorV4,46.2737,97,S,M
786,CannonFodderV4,194.771,891,T,J
787,InvadeExpertV4,268.003,287,J,A
788,MidLaneCarryV4,41.2203,441,M,S
789,TheCleanUpV4,285.221,613,A,T
790,SupportTheTeamV4,40.7454,330,S,J
791,SoloQWarriorV4,379.799,470,T,M
792,JungleSmurfV5,333.551,262,J,S
793,TheCarry_MidV4,390.673,19,M,A
794,MyThreshV4,150.715,791,A,T
795,TheUtilityV4,221.231,397,S,J
796,TopLaneMainV10,333.441,637,T,A
797,FastClearV4,107.779,864,J,M
798,MidLaneMonsterV4,197.62,1357,M,S
799,ObjectivePushV4,257.762,813,A,T
800,TheGuardianV4,391.208,26,S,J
801,TheFinalBossV3,128.37,743,T,J
802,JungleVeteranV4,259.442,286,J,M
803,MidlaneGoddessV3,378.739,1290,M,S
804,SniperADCV3,269.281,251,A,T
805,TeamAnchorV3,280.033,69,S,A
806,TopLaneMainV11,117.119,691,T,M
807,EpicSmiteV4,58.6088,136,J,S
808,TheIllusionistV5,105.1,937,M,A
809,KitingExpertV5,278.475,198,A,J
810,HealingRainV5,40.0634,1050,S,T
811,SplitPushManiacV5,40.1122,210,T,A
812,GankMagnetV5,399.087,515,J,M
813,LaneControlV5,212.415,361,M,S
814,DamageIncarnateV5,378.727,1356,A,T
815,UtilityFocusV6,15.6244,254,S,J
816,TeamFightTopV4,42.6206,761,T,S
817,TheTrackerV5,125.387,332,J,A
818,ZoningMageV5,275.564,284,M,T
819,HyperFocusV5,149.789,515,A,S
820,ShieldSlingerV5,378.751,1112,S,M
821,TheWarlordV5,252.903,873,T,J
822,ObjectiveNinjaV5,395.129,620,J,A
823,ArtilleryMidV5,121.661,735,M,T
824,ADC_SaviourV4,345.119,25,A,S
825,GuardianAngelV6,82.025,544,S,M
826,OffTankKingV5,9.36552,894,T,J
827,JungleGapNowV5,337.119,941,J,M
828,ThePredictorV5,268.137,134,M,S
829,FastHandsV5,186.125,703,A,T
830,TheCatalystV5,122.038,1059,S,J
831,SoloCarryKingV6,186.929,467,T,A
832,FeralHunterV5,155.914,832,J,S
833,SynergyExpertV5,213.742,501,M,T
834,PinchHitterV5,175.349,897,A,J
835,TheTacticianV6,395.531,494,S,M
836,BruiserBossV5,83.7054,748,T,J
837,GankingMasterV5,176.225,174,J,A
838,MidFarmBotV5,22.3948,1127,M,S
839,AutoAttackerV5,345.448,104,A,T
840,ThePeelerV5,90.6706,773,S,J
841,WaveControlV5,9.26811,464,T,S
842,JungleVeteranV5,295.145,935,J,A
843,PokingPrinceV5,215.581,1239,M,T
844,CritOrQuitV5,398.575,497,A,S
845,TeamShieldV5,163.793,425,S,M
846,TopLaneMainV12,82.8043,862,T,J
847,EarlyGamerV5,15.5148,185,J,A
848,CleanseMasterV5,169.138,910,M,T
849,FastLanePushV5,196.488,633,A,S
850,HookAndBaitV5,212.853,261,S,J
851,TheCloserT_V5,166.715,1010,T,M
852,SecuredBaronV5,398.928,1848,J,S
853,ControlWardV5,110.458,19,M,A
854,ThePewPewV5,276.453,617,A,J
855,MikaelsMasterV5,101.995,234,S,T
856,TankyMageV5,390.246,799,T,J
857,BushWarriorV5,219.039,784,J,M
858,APMidOnlyV5,84.1925,608,M,S
859,LategameCarryV5,332.053,507,A,T
860,RoamingWardV5,179.891,498,S,J
861,TheWallT_V5,293.55,486,T,A
862,ObjectiveHeroV5,78.445,1478,J,S
863,ZhonyaMasterV5,61.4582,131,M,T
864,ADCCarryV6,359.621,341,A,M
865,SpellWeaverV5,151.835,1004,S,T
866,PermaPushV5,215.885,163,T,J
867,DeepVisionJGLV5,191.958,763,J,S
868,LanePriorityV5,98.6708,88,M,A
869,FlashingAwayV5,54.4809,308,A,T
870,TheHealerBotV5,225.432,641,S,J
871,FrontToBackV5,204.281,115,T,S
872,JungleMainManV5,363.506,315,J,A
873,MidOrAFKV5,272.471,356,M,T
874,KillsEqualWinsV5,356.529,371,A,S
875,TeamBoosterV5,352.571,1203,S,M
876,DuoQueueTopV5,377.107,615,T,J
877,SoloBaronV5,188.134,433,J,A
878,QuickRotationV5,335.596,882,M,S
879,TheFinisherV5,56.4657,277,A,T
880,MuteAllV5,297.897,740,S,J
881,TheAnchorT_V5,283.431,1718,T,A
882,GankOnlyV5,34.803,519,J,S
883,MidlaneGrinderV5,334.074,582,M,T
884,OneHitKillV5,155.622,983,A,J
885,TheProtectorV5,195.002,227,S,M
886,CannonFodderV5,369.083,738,T,J
887,InvadeExpertV5,362.568,69,J,A
888,MidLaneCarryV5,44.2767,604,M,S
889,TheCleanUpV5,180.317,480,A,T
890,SupportTheTeamV5,344.132,277,S,J
891,SoloQWarriorV5,399.038,0,T,M
892,JungleSmurfV6,387.531,628,J,S
893,TheCarry_MidV5,371.323,545,M,A
894,MyThreshV5,342.817,1077,A,T
895,TheUtilityV5,350.221,220,S,J
896,TopLaneMainV13,94.5307,942,T,A
897,FastClearV5,371.774,913,J,M
898,MidLaneMonsterV5,390.502,1166,M,S
899,ObjectivePushV5,238.425,437,A,T
900,TheGuardianV5,199.715,503,S,J
901,TheFinalBossV4,357.929,702,T,J
902,JungleVeteranV5,294.573,425,J,M
903,MidlaneGoddessV4,231.776,733,M,S
904,SniperADCV4,31.3692,1557,A,T
905,TeamAnchorV4,253.402,416,S,A
906,TopLaneMainV14,373.941,558,T,M
907,EpicSmiteV5,101.642,259,J,S
908,TheIllusionistV6,285.708,885,M,A
909,KitingExpertV6,133.192,641,A,J
910,HealingRainV6,97.5871,1119,S,T
911,SplitPushManiacV6,164.706,230,T,A
912,GankMagnetV6,51.047,773,J,M
913,LaneControlV6,23.5516,206,M,S
914,DamageIncarnateV6,131.159,596,A,T
915,UtilityFocusV7,380.371,426,S,J
916,TeamFightTopV5,164.048,839,T,S
917,TheTrackerV6,257.677,216,J,A
918,ZoningMageV6,322.421,487,M,T
919,HyperFocusV6,59.8874,688,A,S
920,ShieldSlingerV6,341.478,943,S,M
921,TheWarlordV6,154.94,638,T,J
922,ObjectiveNinjaV6,321.678,307,J,A
923,ArtilleryMidV6,45.2386,1009,M,T
924,ADC_SaviourV5,75.2303,369,A,S
925,GuardianAngelV7,173.656,638,S,M
926,OffTankKingV6,156.17,1279,T,J
927,JungleGapNowV6,237.731,1441,J,M
928,ThePredictorV6,310.731,91,M,S
929,FastHandsV6,118.105,253,A,T
930,TheCatalystV6,272.24,219,S,J
931,SoloCarryKingV7,319.547,308,T,A
932,FeralHunterV6,334.744,1414,J,S
933,SynergyExpertV6,145.649,20,M,T
934,PinchHitterV6,359.293,1888,A,J
935,TheTacticianV7,139.293,276,S,M
936,BruiserBossV6,59.9605,662,T,J
937,GankingMasterV6,346.909,21,J,A
938,MidFarmBotV6,60.7033,1055,M,S
939,AutoAttackerV6,23.6368,95,A,T
940,ThePeelerV6,137.698,881,S,J
941,WaveControlV6,58.6819,377,T,S
942,JungleVeteranV6,87.4194,960,J,A
943,PokingPrinceV6,279.157,811,M,T
944,CritOrQuitV6,110.568,805,A,S
945,TeamShieldV6,263.68,343,S,M
946,TopLaneMainV15,56.2465,851,T,J
947,EarlyGamerV6,146.331,738,J,A
948,CleanseMasterV6,203.782,1112,M,T
949,FastLanePushV6,261.537,582,A,S
950,HookAndBaitV6,346.957,459,S,J
951,TheCloserT_V6,258.188,322,T,M
952,SecuredBaronV6,183.885,786,J,S
953,ControlWardV6,344.449,802,M,A
954,ThePewPewV6,309.952,1292,A,J
955,MikaelsMasterV6,87.0784,543,S,T
956,TankyMageV6,85.5076,791,T,J
957,BushWarriorV6,65.7689,911,J,M
958,APMidOnlyV6,118.702,1188,M,S
959,LategameCarryV6,18.3034,852,A,T
960,RoamingWardV6,225.103,839,S,J
961,TheWallT_V6,243.88,128,T,A
962,ObjectiveHeroV6,194.722,1171,J,S
963,ZhonyaMasterV6,332.163,362,M,T
964,ADCCarryV7,114.951,148,A,M
965,SpellWeaverV6,284.721,1072,S,T
966,PermaPushV6,312.132,882,T,J
967,DeepVisionJGLV6,348.93,806,J,S
968,LanePriorityV6,80.7342,166,M,A
969,FlashingAwayV6,162.234,206,A,T
970,TheHealerBotV6,289.738,712,S,J
971,FrontToBackV6,392.572,720,T,S
972,JungleMainManV6,8.78103,554,J,A
973,MidOrAFKV6,236.282,659,M,T
974,KillsEqualWinsV6,387.787,541,A,S
975,TeamBoosterV6,251.43,457,S,M
976,DuoQueueTopV6,223.289,783,T,J
977,SoloBaronV6,267.053,138,J,A
978,QuickRotationV6,125.022,550,M,S
979,TheFinisherV6,382.928,501,A,T
980,MuteAllV6,116.693,860,S,J
981,TheAnchorT_V6,381.637,847,T,A
982,GankOnlyV6,17.3048,807,J,S
983,MidlaneGrinderV6,338.421,926,M,T
984,OneHitKillV6,331.42,789,A,J
985,TheProtectorV6,164.84,109,S,M
986,CannonFodderV6,165.656,678,T,J
987,InvadeExpertV6,256.203,183,J,A
988,MidLaneCarryV6,126.227,833,M,S
989,TheCleanUpV6,225.822,467,A,T
990,SupportTheTeamV6,194.661,232,S,J
991,SoloQWarriorV6,297.946,241,T,M
992,JungleSmurfV7,114.403,1131,J,S
993,TheCarry_MidV6,18.5956,573,M,A
994,MyThreshV6,55.1993,1316,A,T
995,TheUtilityV6,285.33,488,S,J
996,TopLaneMainV16,11.947,498,T,A
997,FastClearV6,258.176,396,J,M
998,MidLaneMonsterV6,207.739,590,M,S
999,ObjectivePushV6,397.479,800,A,T
1000,TheGuardianV6,386.045,264,S,J
1001,TheRenegadeV3,119.14,681,T,J
1002,JungleGhostV3,300.527,440,J,M
1003,MidGodlyV3,397.662,1137,M,S
1004,SharpShooterV3,36.9949,629,A,T
1005,AuraOfMightV3,351.633,266,S,A
1006,UnbreakableV3,46.4685,882,T,M
1007,EarlyDominanceV3,244.903,220,J,S
1008,TheIllusionistV7,397.881,876,M,A
1009,KitingExpertV7,107.414,656,A,J
1010,HealingRainV7,215.983,539,S,T
1011,SplitPushManiacV7,357.308,480,T,A
1012,GankMagnetV7,206.047,511,J,M
1013,LaneControlV7,206.996,329,M,S
1014,DamageIncarnateV7,267.175,1059,A,T
1015,UtilityFocusV8,392.243,585,S,J
1016,TeamFightTopV6,209.846,687,T,S
1017,TheTrackerV7,241.64,402,J,A
1018,ZoningMageV7,107.109,752,M,T
1019,HyperFocusV7,396.444,597,A,S
1020,ShieldSlingerV7,366.599,196,S,M
1021,TheWarlordV7,245.95,599,T,J
1022,ObjectiveNinjaV7,111.359,674,J,A
1023,ArtilleryMidV7,398.344,841,M,T
1024,ADC_SaviourV6,118.215,301,A,S
1025,GuardianAngelV8,320.241,924,S,M
1026,OffTankKingV7,112.504,963,T,J
1027,JungleGapNowV7,300.332,505,J,M
1028,ThePredictorV7,160.627,161,M,S
1029,FastHandsV7,160.006,429,A,T
1030,TheCatalystV7,262.864,1023,S,J
1031,SoloCarryKingV8,133.472,670,T,A
1032,FeralHunterV7,333.051,471,J,S
1033,SynergyExpertV7,250.858,603,M,T
1034,PinchHitterV7,93.1668,776,A,J
1035,TheTacticianV8,138.367,198,S,M
1036,BruiserBossV7,23.7099,884,T,J
1037,GankingMasterV7,302.378,261,J,A
1038,MidFarmBotV7,268.368,1740,M,S
1039,AutoAttackerV7,335.657,26,A,T
1040,ThePeelerV7,106.841,1292,S,J
1041,WaveControlV7,270.012,413,T,S
1042,JungleVeteranV7,170.271,1000,J,A
1043,PokingPrinceV7,246.863,797,M,T
1044,CritOrQuitV7,39.4181,379,A,S
1045,TeamShieldV7,336.619,368,S,M
1046,TopLaneMainV17,197.34,997,T,J
1047,EarlyGamerV7,25.0128,401,J,A
1048,CleanseMasterV7,304.752,580,M,T
1049,FastLanePushV7,15.7462,723,A,S
1050,HookAndBaitV7,315.212,873,S,J
1051,TheCloserT_V7,64.8556,229,T,M
1052,SecuredBaronV7,240.154,962,J,S
1053,ControlWardV7,329.264,345,M,A
1054,ThePewPewV7,157.266,393,A,J
1055,MikaelsMasterV7,351.962,374,S,T
1056,TankyMageV7,238.985,955,T,J
1057,BushWarriorV7,44.2401,143,J,M
1058,APMidOnlyV7,189.035,1338,M,S
1059,LategameCarryV7,211.672,610,A,T
1060,RoamingWardV7,359.256,902,S,J
1061,TheWallT_V7,296.204,388,T,A
1062,ObjectiveHeroV7,58.341,1007,J,S
1063,ZhonyaMasterV7,116.145,823,M,T
1064,ADCCarryV8,338.787,560,A,M
1065,SpellWeaverV7,204.062,1024,S,T
1066,PermaPushV7,29.3721,668,T,J
1067,DeepVisionJGLV7,225.371,1202,J,S
1068,LanePriorityV7,231.642,330,M,A
1069,FlashingAwayV7,198.083,253,A,T
1070,TheHealerBotV7,26.474,1440,S,J
1071,FrontToBackV7,113.478,624,T,S
1072,JungleMainManV7,281.555,392,J,A
1073,MidOrAFKV7,55.4672,247,M,T
1074,KillsEqualWinsV7,190.606,633,A,S
1075,TeamBoosterV7,341.21,908,S,M
1076,DuoQueueTopV7,44.7515,1859,T,J
1077,SoloBaronV7,384.438,400,J,A
1078,QuickRotationV7,267.686,706,M,S
1079,TheFinisherV7,350.891,452,A,T
1080,MuteAllV7,166.581,1396,S,J
1081,TheAnchorT_V7,137.637,383,T,A
1082,GankOnlyV7,135.408,1829,J,S
1083,MidlaneGrinderV7,127.749,1003,M,T
1084,OneHitKillV7,40.7819,767,A,J
1085,TheProtectorV7,92.8137,243,S,M
1086,CannonFodderV7,383.902,810,T,J
1087,InvadeExpertV7,103.943,508,J,A
1088,MidLaneCarryV7,341.989,882,M,S
1089,TheCleanUpV7,93.5322,686,A,T
1090,SupportTheTeamV7,69.7994,1061,S,J
1091,SoloQWarriorV7,365.052,366,T,M
1092,JungleSmurfV8,69.4097,1449,J,S
1093,TheCarry_MidV7,386.691,691,M,A
1094,MyThreshV7,135.104,1370,A,T
1095,TheUtilityV7,19.4602,250,S,J
1096,TopLaneMainV17,284.1,333,T,A
1097,FastClearV7,36.8975,393,J,M
1098,MidLaneMonsterV7,34.4134,897,M,S
1099,ObjectivePushV7,184.591,793,A,T
1100,TheGuardianV7,187.866,525,S,J
1101,TheFinalBossV5,360.316,1504,T,J
1102,JungleVeteranV6,51.8507,0,J,M
1103,MidlaneGoddessV5,277.915,1507,M,S
1104,SniperADCV5,120.187,345,A,T
1105,TeamAnchorV5,372.979,266,S,A
1106,TopLaneMainV18,43.2781,651,T,M
1107,EpicSmiteV6,244.172,0,J,S
1108,TheIllusionistV8,313.325,741,M,A
1109,KitingExpertV8,176.384,795,A,J
1110,HealingRainV8,302.183,1116,S,T
1111,SplitPushManiacV8,2.64388,661,T,A
1112,GankMagnetV8,6.62572,641,J,M
1113,LaneControlV8,73.1602,298,M,S
1114,DamageIncarnateV8,72.8193,1086,A,T
1115,UtilityFocusV9,366.623,199,S,J
1116,TeamFightTopV7,124.742,1081,T,S
1117,TheTrackerV8,163.659,20,J,A
1118,ZoningMageV8,206.887,938,M,T
1119,HyperFocusV8,310.183,1508,A,S
1120,ShieldSlingerV8,155.342,879,S,M
1121,TheWarlordV8,186.478,778,T,J
1122,ObjectiveNinjaV8,300.417,368,J,A
1123,ArtilleryMidV8,21.3963,562,M,T
1124,ADC_SaviourV7,12.081,444,A,S
1125,GuardianAngelV9,363.384,285,S,M
1126,OffTankKingV8,398.173,425,T,J
1127,JungleGapNowV8,228.123,1554,J,M
1128,ThePredictorV8,311.718,200,M,S
1129,FastHandsV8,219.003,122,A,T
1130,TheCatalystV8,395.19,1252,S,J
1131,SoloCarryKingV9,53.1049,899,T,A
1132,FeralHunterV8,279.778,733,J,S
1133,SynergyExpertV8,125.594,442,M,T
1134,PinchHitterV8,40.6845,756,A,J
1135,TheTacticianV9,244.16,623,S,M
1136,BruiserBossV8,279.814,80,T,J
1137,GankingMasterV8,149.132,608,J,A
1138,MidFarmBotV8,255.205,597,M,S
1139,AutoAttackerV8,70.7736,129,A,T
1140,ThePeelerV8,200.725,952,S,J
1141,WaveControlV8,149.351,553,T,S
1142,JungleVeteranV8,286.913,157,J,A
1143,PokingPrinceV8,318.853,1178,M,T
1144,CritOrQuitV8,298.019,425,A,S
1145,TeamShieldV8,98.683,205,S,M
1146,TopLaneMainV18,196.11,639,T,J
1147,EarlyGamerV8,276.185,304,J,A
1148,CleanseMasterV8,112.601,852,M,T
1149,FastLanePushV8,183.824,442,A,S
1150,HookAndBaitV8,1.93762,885,S,J
1151,TheCloserT_V8,342.257,324,T,M
1152,SecuredBaronV8,68.0216,474,J,S
1153,ControlWardV8,53.9207,281,M,A
1154,ThePewPewV8,192.08,963,A,J
1155,MikaelsMasterV8,149.899,247,S,T
1156,TankyMageV8,172.536,731,T,J
1157,BushWarriorV8,370.167,675,J,M
1158,APMidOnlyV8,116.656,768,M,S
1159,LategameCarryV8,241.493,771,A,T
1160,RoamingWardV8,28.1788,749,S,J
1161,TheWallT_V8,35.4728,110,T,A
1162,ObjectiveHeroV8,164.134,1461,J,S
1163,ZhonyaMasterV8,379.275,450,M,T
1164,ADCCarryV9,159.129,432,A,M
1165,SpellWeaverV8,239.423,869,S,T
1166,PermaPushV8,250.236,45,T,J
1167,DeepVisionJGLV8,138.197,579,J,S
1168,LanePriorityV8,83.3036,398,M,A
1169,FlashingAwayV8,318.037,281,A,T
1170,TheHealerBotV8,118.86,883,S,J
1171,FrontToBackV8,48.3072,470,T,S
1172,JungleMainManV8,321.946,368,J,A
1173,MidOrAFKV8,154.21,817,M,T
1174,KillsEqualWinsV8,370.033,396,A,S
1175,TeamBoosterV8,156.742,839,S,M
1176,DuoQueueTopV8,179.732,1298,T,J
1177,SoloBaronV8,104.041,318,J,A
1178,QuickRotationV8,137.539,886,M,S
1179,TheFinisherV8,261.391,319,A,T
1180,MuteAllV8,86.2869,285,S,J
1181,TheAnchorT_V8,7.24674,656,T,A
1182,GankOnlyV8,306.883,734,J,S
1183,MidlaneGrinderV8,282.481,618,M,T
1184,OneHitKillV8,331.834,1227,A,J
1185,TheProtectorV8,237.207,308,S,M
1186,CannonFodderV8,215.581,285,T,J
1187,InvadeExpertV8,235.892,800,J,A
1188,MidLaneCarryV8,199.41,659,M,S
1189,TheCleanUpV8,363.871,680,A,T
1190,SupportTheTeamV8,317.782,469,S,J
1191,SoloQWarriorV8,269.72,435,T,M
1192,JungleSmurfV9,99.9007,481,J,S
1193,TheCarry_MidV8,379.859,1209,M,A
1194,MyThreshV8,351.341,742,A,T
1195,TheUtilityV8,227.624,404,S,J
1196,TopLaneMainV19,338.032,1167,T,A
1197,FastClearV8,63.2604,794,J,M
1198,MidLaneMonsterV8,301.854,986,M,S
1199,ObjectivePushV8,397.686,666,A,T
1200,TheGuardianV8,312.412,288,S,J
1201,TheFinalBossV6,230.218,673,T,J
1202,JungleVeteranV7,86.36,253,J,M
1203,MidlaneGoddessV6,117.228,819,M,S
1204,SniperADCV6,157.278,1114,A,T
1205,TeamAnchorV6,253.792,257,S,A
1206,TopLaneMainV20,63.784,889,T,M
1207,EpicSmiteV7,281.312,287,J,S
1208,TheIllusionistV9,249.579,819,M,A
1209,KitingExpertV9,390.539,461,A,J
1210,HealingRainV9,289.994,1018,S,T
1211,SplitPushManiacV9,41.4029,682,T,A
1212,GankMagnetV9,190.07,825,J,M
1213,LaneControlV9,98.9265,274,M,S
1214,DamageIncarnateV9,225.603,1031,A,T
1215,UtilityFocusV10,125.886,385,S,J
1216,TeamFightTopV8,263.424,428,T,S
1217,TheTrackerV9,93.106,440,J,A
1218,ZoningMageV9,6.29695,564,M,T
1219,HyperFocusV9,275.991,912,A,S
1220,ShieldSlingerV9,202.686,590,S,M
1221,TheWarlordV9,114.318,331,T,J
1222,ObjectiveNinjaV9,195.83,836,J,A
1223,ArtilleryMidV9,36.6052,629,M,T
1224,ADC_SaviourV8,258.115,355,A,S
1225,GuardianAngelV10,163.196,1008,S,M
1226,OffTankKingV9,333.453,1515,T,J
1227,JungleGapNowV9,370.946,938,J,M
1228,ThePredictorV9,193.894,105,M,S
1229,FastHandsV9,367.561,134,A,T
1230,TheCatalystV9,378.009,829,S,J
1231,SoloCarryKingV10,176.018,666,T,A
1232,FeralHunterV9,15.6853,814,J,S
1233,SynergyExpertV9,46.6999,564,M,T
1234,PinchHitterV9,173.376,1566,A,J
1235,TheTacticianV10,330.263,376,S,M
1236,BruiserBossV9,47.3818,900,T,J
1237,GankingMasterV9,323.882,655,J,A
1238,MidFarmBotV9,239.545,869,M,S
1239,AutoAttackerV9,173.242,25,A,T
1240,ThePeelerV9,170.222,839,S,J
1241,WaveControlV9,74.9015,325,T,S
1242,JungleVeteranV9,210.905,1082,J,A
1243,PokingPrinceV9,245.597,561,M,T
1244,CritOrQuitV9,231.557,570,A,S
1245,TeamShieldV9,337.752,164,S,M
1246,TopLaneMainV20,221.122,1410,T,J
1247,EarlyGamerV9,179.233,37,J,A
1248,CleanseMasterV9,239.314,631,M,T
1249,FastLanePushV9,187.879,642,A,S
1250,HookAndBaitV9,359.244,528,S,J
1251,TheCloserT_V9,378.983,747,T,M
1252,SecuredBaronV9,354.69,1231,J,S
1253,ControlWardV9,2.29075,712,M,A
1254,ThePewPewV9,304.229,563,A,J
1255,MikaelsMasterV9,375.756,499,S,T
1256,TankyMageV9,96.8808,409,T,J
1257,BushWarriorV9,303.985,407,J,M
1258,APMidOnlyV9,247.74,823,M,S
1259,LategameCarryV9,98.2203,1177,A,T
1260,RoamingWardV9,363.542,716,S,J
1261,TheWallT_V9,139.683,252,T,A
1262,ObjectiveHeroV9,25.2076,1921,J,S
1263,ZhonyaMasterV9,135.299,868,M,T
1264,ADCCarryV10,99.5597,568,A,M
1265,SpellWeaverV9,340.004,657,S,T
1266,PermaPushV9,358.185,568,T,J
1267,DeepVisionJGLV9,54.286,1065,J,S
1268,LanePriorityV9,395.263,457,M,A
1269,FlashingAwayV9,53.2388,787,A,T
1270,TheHealerBotV9,334.756,711,S,J
1271,FrontToBackV9,23.9534,505,T,S
1272,JungleMainManV9,265.178,222,J,A
1273,MidOrAFKV9,281.409,1028,M,T
1274,KillsEqualWinsV9,218.345,314,A,S
1275,TeamBoosterV9,19.5576,864,S,M
1276,DuoQueueTopV9,80.6855,631,T,J
1277,SoloBaronV9,16.5864,219,J,A
1278,QuickRotationV9,120.516,439,M,S
1279,TheFinisherV9,262.986,425,A,T
1280,MuteAllV9,99.8032,1267,S,J
1281,TheAnchorT_V9,302.256,492,T,A
1282,GankOnlyV9,36.9462,1306,J,S
1283,MidlaneGrinderV9,366.915,672,M,T
1284,OneHitKillV9,92.0587,754,A,J
1285,TheProtectorV9,221.56,815,S,M
1286,CannonFodderV9,161.443,1366,T,J
1287,InvadeExpertV9,38.3952,587,J,A
1288,MidLaneCarryV9,270.17,934,M,S
1289,TheCleanUpV9,137.174,578,A,T
1290,SupportTheTeamV9,194.04,31,S,J
1291,SoloQWarriorV9,7.64858,320,T,M
1292,JungleSmurfV10,349.064,669,J,S
1293,TheCarry_MidV9,175.032,377,M,A
1294,MyThreshV9,149.156,1095,A,T
1295,TheUtilityV9,52.3743,198,S,J
1296,TopLaneMainV21,136.31,688,T,A
1297,FastClearV9,99.0605,947,J,M
1298,MidLaneMonsterV9,182.655,2130,M,S
1299,ObjectivePushV9,364.492,892,A,T
1300,TheGuardianV9,70.2134,376,S,J
1301,TheFinalBossV7,140.632,1328,T,J
1302,JungleVeteranV8,347.944,424,J,M
1303,MidlaneGoddessV7,336.607,803,M,S
1304,SniperADCV7,321.788,446,A,T
1305,TeamAnchorV7,151.725,80,S,A
1306,TopLaneMainV22,193.931,1093,T,M
1307,EpicSmiteV8,217.14,347,J,S
1308,TheIllusionistV10,68.7765,723,M,A
1309,KitingExpertV10,236.33,313,A,J
1310,HealingRainV10,311.998,1167,S,T
1311,SplitPushManiacV10,110.324,728,T,A
1312,GankMagnetV10,346.129,830,J,M
1313,LaneControlV10,229.426,381,M,S
1314,DamageIncarnateV10,158.605,805,A,T
1315,UtilityFocusV11,174.021,777,S,J
1316,TeamFightTopV9,110.848,795,T,S
1317,TheTrackerV10,379.823,626,J,A
1318,ZoningMageV10,246.072,616,M,T
1319,HyperFocusV10,82.5364,635,A,S
1320,ShieldSlingerV10,97.7088,634,S,M
1321,TheWarlordV10,207.228,1326,T,J
1322,ObjectiveNinjaV10,234.796,504,J,A
1323,ArtilleryMidV10,11.6791,687,M,T
1324,ADC_SaviourV9,113.941,350,A,S
1325,GuardianAngelV11,283.93,576,S,M
1326,OffTankKingV10,221.536,1001,T,J
1327,JungleGapNowV10,15.7827,907,J,M
1328,ThePredictorV10,359.025,509,M,S
1329,FastHandsV10,320.314,348,A,T
1330,TheCatalystV10,348.248,1553,S,J
1331,SoloCarryKingV11,54.1886,612,T,A
1332,FeralHunterV10,397.979,967,J,S
1333,SynergyExpertV10,299.76,614,M,T
1334,PinchHitterV10,40.7332,1145,A,J
1335,TheTacticianV11,330.007,252,S,M
1336,BruiserBossV10,389.248,690,T,J
1337,GankingMasterV10,37.0436,841,J,A
1338,MidFarmBotV10,380.931,514,M,S
1339,AutoAttackerV10,208.336,272,A,T
1340,ThePeelerV10,190.472,787,S,J
1341,WaveControlV10,314.786,684,T,S
1342,JungleVeteranV10,148.803,1485,J,A
1343,PokingPrinceV10,165.181,995,M,T
1344,CritOrQuitV10,145.284,609,A,S
1345,TeamShieldV10,174.046,396,S,M
1346,TopLaneMainV22,209.98,741,T,J
1347,EarlyGamerV10,245.768,123,J,A
1348,CleanseMasterV10,371.384,1391,M,T
1349,FastLanePushV10,296.777,463,A,S
1350,HookAndBaitV10,1.7915,855,S,J
1351,TheCloserT_V10,281.909,891,T,M
1352,SecuredBaronV10,358.148,787,J,S
1353,ControlWardV10,273.044,572,M,A
1354,ThePewPewV10,395.056,879,A,J
1355,MikaelsMasterV10,134.934,256,S,T
1356,TankyMageV10,82.9991,770,T,J
1357,BushWarriorV10,89.6843,559,J,M
1358,APMidOnlyV10,275.199,1352,M,S
1359,LategameCarryV10,26.7906,808,A,T
1360,RoamingWardV10,65.6471,731,S,J
1361,TheWallT_V10,17.6458,326,T,A
1362,ObjectiveHeroV10,322.044,753,J,S
1363,ZhonyaMasterV10,23.9656,253,M,T
1364,ADCCarryV11,372.529,839,A,M
1365,SpellWeaverV10,57.2694,752,S,T
1366,PermaPushV10,134.885,553,T,J
1367,DeepVisionJGLV10,332.747,1043,J,S
1368,LanePriorityV10,379.579,516,M,A
1369,FlashingAwayV10,301.002,514,A,T
1370,TheHealerBotV10,187.16,1116,S,J
1371,FrontToBackV10,273.433,817,T,S
1372,JungleMainManV10,103.749,381,J,A
1373,MidOrAFKV10,180.731,1078,M,T
1374,KillsEqualWinsV10,343.353,261,A,S
1375,TeamBoosterV10,385.156,729,S,M
1376,DuoQueueTopV10,123.146,635,T,J
1377,SoloBaronV10,353.253,329,J,A
1378,QuickRotationV10,38.4074,453,M,S
1379,TheFinisherV10,341.855,544,A,T
1380,MuteAllV10,98.3542,1094,S,J
1381,TheAnchorT_V10,4.08075,630,T,A
1382,GankOnlyV10,231.387,760,J,S
1383,MidlaneGrinderV10,322.92,864,M,T
1384,OneHitKillV10,96.9173,1459,A,J
1385,TheProtectorV10,105.977,376,S,M
1386,CannonFodderV10,263.424,1371,T,J
1387,InvadeExpertV10,115.292,894,J,A
1388,MidLaneCarryV10,344.4,169,M,S
1389,TheCleanUpV10,225.59,667,A,T
1390,SupportTheTeamV10,106.05,289,S,J
1391,SoloQWarriorV10,398.393,442,T,M
1392,JungleSmurfV11,12.9821,823,J,S
1393,TheCarry_MidV10,212.439,409,M,A
1394,MyThreshV10,331.663,2369,A,T
1395,TheUtilityV10,89.6355,759,S,J
1396,TopLaneMainV23,247.253,547,T,A
1397,FastClearV10,348.845,390,J,M
1398,MidLaneMonsterV10,317.197,880,M,S
1399,ObjectivePushV10,187.124,903,A,T
1400,TheGuardianV10,67.6684,893,S,J
1401,TheFinalBossV8,122.696,833,T,J
1402,JungleVeteranV9,180.037,407,J,M
1403,MidlaneGoddessV8,6.88144,1066,M,S
1404,SniperADCV8,326.939,943,A,T
1405,TeamAnchorV8,373.954,64,S,A
1406,TopLaneMainV24,174.094,1150,T,M
1407,EpicSmiteV9,241.603,771,J,S
1408,TheIllusionistV11,369.448,141,M,A
1409,KitingExpertV11,198.643,407,A,J
1410,HealingRainV11,251.856,717,S,T
1411,SplitPushManiacV11,334.172,369,T,A
1412,GankMagnetV11,174.825,614,J,M
1413,LaneControlV11,144.371,405,M,S
1414,DamageIncarnateV11,303.705,1474,A,T
1415,UtilityFocusV12,203.721,681,S,J
1416,TeamFightTopV10,217.335,1025,T,S
1417,TheTrackerV11,287.9,410,J,A
1418,ZoningMageV11,189.133,1337,M,T
1419,HyperFocusV11,201.821,898,A,S
1420,ShieldSlingerV11,250.614,964,S,M
1421,TheWarlordV11,339.871,744,T,J
1422,ObjectiveNinjaV11,71.1267,52,J,A
1423,ArtilleryMidV11,159.263,1245,M,T
1424,ADC_SaviourV10,22.687,751,A,S
1425,GuardianAngelV12,342.525,320,S,M
1426,OffTankKingV11,168.371,1155,T,J
1427,JungleGapNowV11,179.197,910,J,M
1428,ThePredictorV11,337.861,388,M,S
1429,FastHandsV11,327.073,86,A,T
1430,TheCatalystV11,37.5672,725,S,J
1431,SoloCarryKingV12,47.126,732,T,A
1432,FeralHunterV11,288.265,974,J,S
1433,SynergyExpertV11,289.714,745,M,T
1434,PinchHitterV11,91.596,893,A,J
1435,TheTacticianV12,312.387,474,S,M
1436,BruiserBossV11,243.722,890,T,J
1437,GankingMasterV11,50.1459,351,J,A
1438,MidFarmBotV11,278.584,945,M,S
1439,AutoAttackerV11,315.578,648,A,T
1440,ThePeelerV11,38.724,785,S,J
1441,WaveControlV11,351.305,809,T,S
1442,JungleVeteranV11,223.849,883,J,A
1443,PokingPrinceV11,206.838,1028,M,T
1444,CritOrQuitV11,349.162,515,A,S
1445,TeamShieldV11,375.244,217,S,M
1446,TopLaneMainV23,148.706,2345,T,J
1447,EarlyGamerV11,234.187,54,J,A
1448,CleanseMasterV11,288.557,865,M,T
1449,FastLanePushV11,216.093,606,A,S
1450,HookAndBaitV11,85.0083,929,S,J
1451,TheCloserT_V11,356.845,216,T,M
1452,SecuredBaronV11,14.5163,1415,J,S
1453,ControlWardV11,292.734,105,M,A
1454,ThePewPewV11,290.53,482,A,J
1455,MikaelsMasterV11,245.853,435,S,T
1456,TankyMageV11,178.222,590,T,J
1457,BushWarriorV11,257.189,484,J,M
1458,APMidOnlyV11,384.012,701,M,S
1459,LategameCarryV11,332.881,553,A,T
1460,RoamingWardV11,224.421,764,S,J
1461,TheWallT_V11,154.526,0,T,A
1462,ObjectiveHeroV11,105.039,362,J,S
1463,ZhonyaMasterV11,378.52,1142,M,T
1464,ADCCarryV12,142.909,502,A,M
1465,SpellWeaverV11,6.10211,688,S,T
1466,PermaPushV11,15.4418,555,T,J
1467,DeepVisionJGLV11,210.856,736,J,S
1468,LanePriorityV11,98.0985,301,M,A
1469,FlashingAwayV11,173.047,349,A,T
1470,TheHealerBotV11,259.491,730,S,J
1471,FrontToBackV11,302.877,814,T,S
1472,JungleMainManV11,143.409,607,J,A
1473,MidOrAFKV11,267.747,292,M,T
1474,KillsEqualWinsV11,88.5396,85,A,S
1475,TeamBoosterV11,56.1978,861,S,M
1476,DuoQueueTopV11,33.0983,1695,T,J
1477,SoloBaronV11,167.239,686,J,A
1478,QuickRotationV11,257.47,926,M,S
1479,TheFinisherV11,237.901,701,A,T
1480,MuteAllV11,141.546,1025,S,J
1481,TheAnchorT_V11,98.3542,916,T,A
1482,GankOnlyV11,225.444,1577,J,S
1483,MidlaneGrinderV11,255.862,529,M,T
1484,OneHitKillV11,310.293,513,A,J
1485,TheProtectorV11,156.377,546,S,M
1486,CannonFodderV11,248.446,755,T,J
1487,InvadeExpertV11,310.293,319,J,A
1488,MidLaneCarryV11,26.9124,735,M,S
1489,TheCleanUpV11,217.225,493,A,T
1490,SupportTheTeamV11,296.009,4,S,J
1491,SoloQWarriorV11,304.131,81,T,M
1492,JungleSmurfV12,347.323,795,J,S
1493,TheCarry_MidV11,205.767,594,M,A
1494,MyThreshV11,293.696,1885,A,T
1495,TheUtilityV11,362.702,399,S,J
1496,TopLaneMainV24,192.031,751,T,A
1497,FastClearV11,84.363,527,J,M
1498,MidLaneMonsterV11,7.7947,665,M,S
1499,ObjectivePushV11,32.4164,937,A,T
1500,TheGuardianV11,196.451,167,S,J
1501,NexusBreaker,322.299,721,T,J
1502,EchoOfTheJungle,280.569,375,J,M
1503,ArcaneWhisper,210.978,1327,M,S
1504,CrimsonShot,361.728,846,A,T
1505,CelestialAegis,214.997,117,S,A
1506,VoidWalkerTop,341.661,1048,T,M
1507,SpiritWolfJgl,90.8167,43,J,S
1508,RunicSealer,296.716,786,M,A
1509,StarlightCarry,399.927,292,A,J
1510,TheWardenOfTime,86.1164,541,S,T
1511,MechPilot_T,350.172,332,T,A
1512,AncientCurse,268.161,618,J,M
1513,GlacierMage,154.928,113,M,S
1514,HextechHunter,49.464,486,A,T
1515,ChronoHealer,85.6172,619,S,J
1516,TheLastSentinel,278.463,531,T,S
1517,ShadowFist,214.96,214,J,A
1518,CrystalOracle,389.187,821,M,T
1519,CosmicDrifter,316.442,440,A,S
1520,MistWalkerSupp,175.945,904,S,M
1521,MountainTank,96.8686,650,T,J
1522,SunstoneGuard,381.394,40,J,A
1523,DarkmatterMid,357.624,597,M,T
1524,InfernoADC,12.3001,956,A,S
1525,ZephyrAura,269.318,392,S,M
1526,BioForge,140.718,541,T,J
1527,TerraBlade,290.871,248,J,M
1528,VoidGate,60.8616,275,M,S
1529,ArcaneShotz,152.493,146,A,T
1530,ManaShield,87.4437,524,S,J
1531,DeepSeaDiver,219.429,647,T,A
1532,RumbleJungle,109.472,661,J,S
1533,EmberCore,289.543,841,M,T
1534,LaserFocusBot,268.636,455,A,S
1535,GuardianOfBlight,359.134,870,S,M
1536,AetherWing,234.784,639,T,J
1537,TheSilentStep,73.5134,433,J,A
1538,AstralProjection,244.526,689,M,T
1539,GravityWell,232.47,659,A,S
1540,IronLotus,277.415,0,S,J
1541,FatesHand,169.772,649,T,S
1542,ChronosJungle,50.9131,339,J,A
1543,CosmicRay,220.026,1162,M,T
1544,QuantumLeapADC,225.067,464,A,J
1545,TheNexusWarden,219.539,881,S,M
1546,CrimsonLordTop,155.646,825,T,J
1547,BeastOfBurden,145.077,144,J,M
1548,CyberneticMid,318.902,784,M,S
1549,PixelFlurry,166.581,20,A,T
1550,TheSoulWisp,122.136,267,S,J
1551,Stormbreaker,140.876,706,T,A
1552,VoidGatekeeper,297.325,612,J,S
1553,ArcaneTorrent,181.827,497,M,T
1554,TrueStrike,281.775,20,A,S
1555,RelicHunter,72.247,1007,S,M
1556,TitanClad,183.471,686,T,J
1557,MistAssassin,345.667,406,J,A
1558,StarFallMage,143.421,699,M,S
1559,SpectralBow,366.903,53,A,T
1560,StoneSentinel,35.5215,379,S,J
1561,TheRenegadeX,249.944,1165,T,S
1562,FlickerStep,235.783,249,J,A
1563,TemporalShift,129.442,257,M,T
1564,LaserBlade,268.222,401,A,J
1565,AstralCompass,78.3841,54,S,M
1566,HeavyMetalTop,312.655,691,T,J
1567,JunglePhoenix,181.254,442,J,A
1568,ElementalMid,363.506,850,M,S
1569,BlazeCannon,135.262,325,A,T
1570,DivineIntervention,218.041,1184,S,J
1571,GlacialAxe,116.145,799,T,A
1572,ForestGuardian,371.969,304,J,S
1573,Shadowcaster,381.284,85,M,T
1574,TheAimbot,331.176,26,A,M
1575,SupportiveGhoul,207.191,853,S,T
1576,Thunderstrike,229.779,612,T,J
1577,SwiftPaw,138.367,448,J,A
1578,WarpGate,307.2,1218,M,S
1579,GravityShots,47.4061,875,A,T
1580,ManaBattery,95.8458,790,S,J
1581,IroncladJuggernaut,320.351,673,T,A
1582,ViperJungle,215.788,623,J,S
1583,Pyrokinetic,370.922,472,M,T
1584,BoomstickBot,324.905,459,A,M
1585,ArcaneTether,371.287,855,S,T
1586,TheColossus,399.379,1152,T,J
1587,CosmicBane,336.108,994,J,M
1588,RiftWalkerMid,291.248,473,M,S
1589,TrueSightADC,248.252,254,A,T
1590,StoneSkinSupport,163.172,618,S,J
1591,BladeOfRuin,308.393,178,T,A
1592,CrimsonThorn,264.958,681,J,S
1593,MidLaneMarauder,29.6279,233,M,T
1594,LaserStream,396.797,1381,A,J
1595,SoulHarvester,30.2489,235,S,M
1596,PhoenixTop,368.072,918,T,J
1597,ChaosReaper,303.401,785,J,A
1598,GlitterBomb,264.642,727,M,S
1599,TheGunslinger,221.012,753,A,T
1600,MoonlitAura,14.6625,929,S,J
1601,TitanFall,305.653,829,T,J
1602,SpiritBladeJgl,246.742,185,J,M
1603,ArcaneRune,287.084,589,M,S
1604,PrecisionShot,241.469,214,A,T
1605,TemporalWarp,155.878,1572,S,A
1606,VoidEmperor,71.3337,715,T,M
1607,IronStance,185.139,42,J,S
1608,RiftWarden,362.69,1136,M,A
1609,StarGazerADC,169.065,338,A,J
1610,TheAlchemist,229.889,1306,S,T
1611,DeepFreezeTop,316.016,30,T,A
1612,WildernessGuide,133.85,375,J,M
1613,FrostfireMid,399.306,278,M,S
1614,LethalityBot,4.70177,942,A,T
1615,HealingBeacon,309.55,719,S,J
1616,TheJuggernautX,55.3698,889,T,S
1617,ShadowStrike,177.869,172,J,A
1618,DreamWeaver,301.014,823,M,T
1619,CosmicFlare,154.514,193,A,S
1620,MistBender,227.405,1091,S,M
1621,ChaosBreaker,2.50993,406,T,J
1622,WarpJumper,223.447,1808,J,A
1623,EtherealMage,144.663,653,M,T
1624,TheOutlander,361.947,503,A,S
1625,LifeWeaver,353.935,608,S,M
1626,VoidTitan,78.0675,1051,T,J
1627,AncientSpirit,301.866,988,J,M
1628,StormCaller,166.764,639,M,S
1629,AuraOfMightADC,195.112,1318,A,T
1630,TheCatalystX,138.733,578,S,J
1631,ApexPredator,136.772,312,T,A
1632,IronTusk,312.911,860,J,S
1633,CrimsonArt,103.542,245,M,T
1634,ArcaneMarksman,277.732,1103,A,J
1635,ChronoAnchor,205.681,882,S,M
1636,StarKillerTop,8.35484,548,T,J
1637,DeepForestJgl,23.9656,1072,J,A
1638,PixelSurgeon,173.936,215,M,T
1639,TheBoomerang,339.067,552,A,S
1640,DivineSmite,167.969,85,S,J
1641,SteelHeart,182.764,925,T,S
1642,GhostWolf,11.1068,553,J,A
1643,FlameWielder,389.504,822,M,T
1644,TrueShotADC,221.828,1299,A,J
1645,RunestoneSupport,338.482,344,S,M
1646,TheNomadTop,182.582,690,T,J
1647,RiftBlade,369.521,295,J,M
1648,FrostbiteMage,345.301,457,M,S
1649,LunarBow,323.724,347,A,T
1650,ZenithWarden,314.08,1353,S,J
1651,VoidLordT,241.043,479,T,A
1652,StormJumper,345.058,372,J,S
1653,TheOracleMid,244.842,836,M,T
1654,PhantomStrike,110.823,376,A,J
1655,AuraOfSacrifice,216.75,652,S,M
1656,ShadowPlate,201.115,953,T,J
1657,MysticTrapper,102.726,205,J,A
1658,TemporalClone,345.789,277,M,S
1659,GalacticShot,239.496,710,A,T
1660,MaelstromSupport,282.396,366,S,J
1661,TheWreckingBall,393.071,632,T,S
1662,BushidoJgl,111.14,1528,J,A
1663,CrimsonBladeMid,297.641,211,M,T
1664,HighNoonBot,250.675,601,A,J
1665,SpiritHealer,257.299,596,S,M
1666,IronWillX,220.695,1059,T,J
1667,JungleGhostV4,242.614,387,J,M
1668,LaneManipulator,256.447,756,M,S
1669,FocusFireX,328.936,837,A,T
1670,CelestialGuard,107.56,324,S,J
1671,TheExecutionerT,367.841,548,T,A
1672,ManaDrainer,249.701,664,J,S
1673,ElementalFury,63.0412,445,M,T
1674,TwinBarrel,99.8154,467,A,M
1675,TheProtectorX,217.7,1022,S,T
1676,TitanHeart,211.027,124,T,J
1677,DeepStrike,284.88,1233,J,A
1678,CosmicVoid,9.15851,287,M,S
1679,ArcaneMarksmanX,78.2867,967,A,T
1680,ShadowWarden,318.074,294,S,J
1681,TrueDamageTop,346.41,750,T,S
1682,StoneGaze,329.569,57,J,A
1683,PhoenixFlame,224.421,817,M,T
1684,PrecisionAura,261.671,682,A,J
1685,TheCleric,227.6,873,S,M
1686,AuraTank,172.95,351,T,J
1687,VortexJungle,379.433,631,J,M
1688,IllusionistMid,317.94,145,M,S
1689,TheFinisherX,163.33,492,A,T
1690,CelestialHeal,233.712,280,S,J
1691,IroncladV3,48.5873,1194,T,A
1692,WildfireJgl,198.375,224,J,S
1693,WispOfLight,152.7,690,M,T
1694,BoomHeadshot,121.174,1020,A,J
1695,TheGuardianX,187.416,108,S,M
1696,TheNomadX,279.303,660,T,J
1697,ToxicTrapper,310.756,439,J,A
1698,StarGazerMid,346.933,289,M,S
1699,FrostfireShot,82.7556,411,A,T
1700,MuteButtonSupp,35.8502,1231,S,J
1701,SteelCommander,30.1149,896,T,J
1702,ShadowProwler,300.953,323,J,M
1703,ArcaneScholar,282.103,799,M,S
1704,RapidFireBot,276.77,705,A,T
1705,EternalAegis,104.978,1622,S,A
1706,SunfireKing,109.606,526,T,M
1707,JungleSage,261.671,392,J,S
1708,TheWarpedOne,15.0399,876,M,A
1709,CritAndQuit,198.448,438,A,J
1710,GuardianStone,103.31,805,S,T
1711,TheBruiserX,73.0141,641,T,A
1712,DeepStrikeV2,156.888,378,J,M
1713,IllusionaryMid,194.99,148,M,S
1714,PhantomArrow,201.078,1358,A,T
1715,LifeStealerSupp,244.647,751,S,J
1716,IronHeartX,56.0517,786,T,S
1717,CosmicViper,213.109,38,J,A
1718,RiftWalkerX,121.6,863,M,T
1719,SniperX_ADC,1.17048,221,A,S
1720,TheAlchemistX,312.753,983,S,M
1721,TitanOfWar,238.535,434,T,J
1722,ManaLeech,334.208,1042,J,A
1723,VoidBlast,46.8094,857,M,T
1724,HextechStrike,258.48,61,A,S
1725,AetherHeal,138.501,873,S,M
1726,TheOutpost,270.255,905,T,J
1727,TerraShaper,399.647,1114,J,M
1728,ShadowScribe,313.922,456,M,S
1729,BlazingArrow,219.161,949,A,T
1730,OceanicGuard,92.3145,783,S,J
1731,GlacialTalon,321.191,462,T,A
1732,JungleMasterX,55.0654,234,J,S
1733,WarpMage,293.854,551,M,T
1734,PentaDreamer,147.902,1391,A,J
1735,StoneSkinX,5.16449,841,S,M
1736,TheDreadnoughtX,179.915,615,T,J
1737,NightshadeJgl,217.091,353,J,M
1738,TemporalAnchor,15.6001,727,M,S
1739,LaserBeamBot,296.679,1250,A,T
1740,AuraOfSacrificeX,8.81756,676,S,J
1741,TrueSteelTop,251.138,790,T,S
1742,TheHunterJGL,48.9891,390,J,A
1743,CosmicArtisan,105.612,91,M,T
1744,PixelFury,306.871,332,A,S
1745,ZenithWardenX,229.999,592,S,M
1746,CrimsonLordX,143.786,906,T,J
1747,BeastMasterX,154.928,372,J,M
1748,CyberneticMidX,268.368,429,M,S
1749,PixelPusherX,276.685,538,A,T
1750,TheSoulWispX,229.633,583,S,J
1751,StormBreakerX,358.172,560,T,A
1752,VoidGatekeeperX,47.6862,676,J,S
1753,ArcaneTorrentX,43.6191,525,M,T
1754,TrueStrikeX,5.2132,820,A,S
1755,RelicHunterX,265.056,449,S,M
1756,TitanCladX,70.8101,1166,T,J
1757,MistAssassinX,29.8592,110,J,A
1758,StarFallMageX,23.8438,664,M,S
1759,SpectralBowX,243.564,137,A,T
1760,StoneSentinelX,132.535,525,S,J
1761,TheRenegadeX2,349.32,1016,T,S
1762,FlickerStepX,52.3499,463,J,A
1763,TemporalShiftX,69.2271,268,M,T
1764,LaserBladeX,286.913,1105,A,J
1765,AstralCompassX,104.394,36,S,M
1766,HeavyMetalTopX,2.29075,814,T,J
1767,JunglePhoenixX,171.123,348,J,A
1768,ElementalMidX,151.713,822,M,S
1769,BlazeCannonX,320.388,95,A,T
1770,DivineInterventionX,154.587,1981,S,J
1771,GlacialAxeX,210.223,206,T,A
1772,ForestGuardianX,230.632,1790,J,S
1773,ShadowcasterX,28.8242,221,M,T
1774,TheAimbotX,390.246,386,A,M
1775,SupportiveGhoulX,239.679,888,S,T
1776,ThunderstrikeX,277.902,950,T,J
1777,SwiftPawX,26.401,134,J,A
1778,WarpGateX,335.475,539,M,S
1779,GravityShotsX,319.681,425,A,T
1780,ManaBatteryX,304.095,904,S,J
1781,IroncladJuggernautX,306.591,930,T,A
1782,ViperJungleX,133.972,695,J,S
1783,PyrokineticX,245.329,453,M,T
1784,BoomstickBotX,45.7744,119,A,M
1785,ArcaneTetherX,104.297,1995,S,T
1786,TheColossusX,163.306,353,T,J
1787,CosmicBaneX,48.3803,819,J,M
1788,RiftWalkerMidX,103.822,808,M,S
1789,TrueSightADCM,117.167,93,A,T
1790,StoneSkinSupportX,206.582,446,S,J
1791,BladeOfRuinX,138.148,378,T,A
1792,CrimsonThornX,173.997,1113,J,S
1793,MidLaneMarauderX,282.408,102,M,T
1794,LaserStreamX,386.094,269,A,J
1795,SoulHarvesterX,146.404,277,S,M
1796,PhoenixTopX,367.549,728,T,J
1797,ChaosReaperX,254.023,450,J,A
1798,GlitterBombX,380.152,49,M,S
1799,TheGunslingerX,129.722,748,A,T
1800,MoonlitAuraX,247.618,22,S,J
1801,TitanFallX,348.333,857,T,J
1802,SpiritBladeJglX,27.8866,847,J,M
1803,ArcaneRuneX,1.98633,943,M,S
1804,PrecisionShotX,382.124,316,A,T
1805,TemporalWarpX,127.396,597,S,A
1806,VoidEmperorX,237.195,1390,T,M
1807,IronStanceX,52.5204,258,J,S
1808,RiftWardenX,240.775,570,M,A
1809,StarGazerADCY,368.681,337,A,J
1810,TheAlchemistY,118.507,567,S,T
1811,DeepFreezeTopX,18.5104,800,T,A
1812,WildernessGuideX,30.054,423,J,M
1813,FrostfireMidX,4.04422,513,M,S
1814,LethalityBotX,32.6599,1226,A,T
1815,HealingBeaconX,365.296,700,S,J
1816,TheJuggernautX2,293.854,824,T,S
1817,ShadowStrikeX,160.797,169,J,A
1818,DreamWeaverX,91.6204,904,M,T
1819,CosmicFlareX,51.1322,481,A,S
1820,MistBenderX,90.3175,985,S,M
1821,ChaosBreakerX,104.784,496,T,J
1822,WarpJumperX,209.14,215,J,A
1823,EtherealMageX,16.0872,821,M,T
1824,TheOutlanderX,340.991,47,A,S
1825,LifeWeaverX,11.1555,730,S,M
1826,VoidTitanX,18.2181,500,T,J
1827,AncientSpiritX,287.449,687,J,M
1828,StormCallerX,394.472,614,M,S
1829,AuraOfMightADCY,150.946,146,A,T
1830,TheCatalystY,363.53,239,S,J
1831,ApexPredatorX,340.455,495,T,A
1832,IronTuskX,385.875,625,J,S
1833,CrimsonArtX,246.851,429,M,T
1834,ArcaneMarksmanY,296.46,683,A,J
1835,ChronoAnchorX,182.935,626,S,M
1836,StarKillerTopX,227.234,785,T,J
1837,DeepForestJglX,157.704,1385,J,A
1838,PixelSurgeonX,59.0959,305,M,T
1839,TheBoomerangX,231.228,459,A,S
1840,DivineSmiteX,229.073,561,S,J
1841,SteelHeartX,58.755,570,T,S
1842,GhostWolfX,393.863,753,J,A
1843,FlameWielderX,239.326,365,M,T
1844,TrueShotADCY,173.461,1046,A,J
1845,RunestoneSupportX,80.2837,335,S,M
1846,TheNomadX2,285.842,841,T,J
1847,RiftBladeX,136.407,352,J,M
1848,FrostbiteMageX,242.626,855,M,S
1849,LunarBowX,364.76,517,A,T
1850,ZenithWardenX2,232.897,787,S,J
1851,VoidLordY,241.859,702,T,A
1852,StormJumperX,224.446,458,J,S
1853,TheOracleMidX,308.04,1069,M,T
1854,PhantomStrikeX,382.295,621,A,J
1855,AuraOfSacrificeY,121.807,825,S,M
1856,ShadowPlateX,399.026,675,T,J
1857,MysticTrapperX,338.726,187,J,A
1858,TemporalCloneX,229.986,778,M,S
1859,GalacticShotX,339.347,1471,A,T
1860,MaelstromSupportX,128.541,513,S,J
1861,TheWreckingBallX,213.353,725,T,S
1862,BushidoJglX,393.631,1067,J,A
1863,CrimsonBladeMidX,377.546,203,M,T
1864,HighNoonBotX,347.603,534,A,J
1865,SpiritHealerX,373.357,1909,S,M
1866,IronWillY,386.837,1042,T,J
1867,JungleGhostX,179.172,882,J,M
1868,LaneManipulatorX,390.307,760,M,S
1869,FocusFireY,341.539,566,A,T
1870,CelestialGuardX,88.2717,1088,S,J
1871,TheExecutionerY,178.539,717,T,A
1872,ManaDrainerX,139.256,602,J,S
1873,ElementalFuryX,305.02,351,M,T
1874,TwinBarrelX,30.0662,0,A,M
1875,TheProtectorY,87.1636,680,S,T
1876,TitanHeartX,326.829,654,T,J
1877,DeepStrikeY,261.464,1200,J,A
1878,CosmicVoidX,218.735,368,M,S
1879,ArcaneMarksmanY2,86.7618,371,A,T
1880,ShadowWardenX,3.60585,805,S,J
1881,TrueDamageTopX,82.3416,657,T,S
1882,StoneGazeX,194.454,229,J,A
1883,PhoenixFlameX,302.293,1439,M,T
1884,PrecisionAuraX,363.689,234,A,J
1885,TheClericX,57.1963,460,S,M
1886,AuraTankX,41.9022,467,T,J
1887,VortexJungleX,213.401,596,J,M
1888,IllusionistMidX,375.5,260,M,S
1889,TheFinisherY,85.7146,996,A,T
1890,CelestialHealX,270.255,219,S,J
1891,IroncladV4,261.269,1803,T,A
1892,WildfireJglX,190.972,398,J,S
1893,WispOfLightX,273.397,16,M,T
1894,BoomHeadshotX,275.711,993,A,J
1895,TheGuardianY,126.909,45,S,M
1896,TheNomadY,175.763,596,T,J
1897,ToxicTrapperX,299.723,2076,J,A
1898,StarGazerMidX,87.1271,262,M,S
1899,FrostfireShotX,327.097,149,A,T
1900,MuteButtonSuppX,360.973,921,S,J
1901,SteelCommanderX,314.664,851,T,J
1902,ShadowProwlerX,320.144,369,J,M
1903,ArcaneScholarX,7.94082,1065,M,S
1904,RapidFireBotX,129.624,385,A,T
1905,EternalAegisX,333.356,66,S,A
1906,SunfireKingX,252.307,634,T,M
1907,JungleSageX,375.342,422,J,S
1908,TheWarpedOneX,145.016,720,M,A
1909,CritAndQuitX,86.7253,480,A,J
1910,GuardianStoneX,116.656,1126,S,T
1911,TheBruiserY,258.127,496,T,A
1912,DeepStrikeV3,349.222,710,J,M
1913,IllusionaryMidX,288.155,213,M,S
1914,PhantomArrowX,344.242,647,A,T
1915,LifeStealerSuppX,26.3888,347,S,J
1916,IronHeartY,28.8485,530,T,S
1917,CosmicViperX,91.5351,297,J,A
1918,RiftWalkerY,261.963,881,M,T
1919,SniperY_ADC,360.73,531,A,S
1920,TheAlchemistZ,160.602,793,S,M
1921,TitanOfWarX,80.2593,684,T,J
1922,ManaLeechX,148.462,725,J,A
1923,VoidBlastX,124.62,766,M,T
1924,HextechStrikeX,68.2895,488,A,S
1925,AetherHealX,375.22,1195,S,M
1926,TheOutpostX,376.145,938,T,J
1927,TerraShaperX,185.212,2088,J,M
1928,ShadowScribeX,175.154,391,M,S
1929,BlazingArrowX,9.29246,756,A,T
1930,OceanicGuardX,345.082,839,S,J
1931,GlacialTalonX,277.269,1230,T,A
1932,JungleMasterY,90.2566,728,J,S
1933,WarpMageX,323.846,99,M,T
1934,PentaDreamerX,114.209,693,A,J
1935,StoneSkinY,144.651,259,S,M
1936,TheDreadnoughtY,221.304,461,T,J
1937,NightshadeJglX,180.073,333,J,M
1938,TemporalAnchorX,253.317,716,M,S
1939,LaserBeamBotX,34.3403,555,A,T
1940,AuraOfSacrificeY2,143.25,1034,S,J
1941,TrueSteelY,105.185,371,T,S
1942,TheHunterY,28.0205,155,J,A
1943,CosmicArtisanX,206.022,206,M,T
1944,PixelFuryX,318.646,420,A,S
1945,ZenithWardenY,373.26,1900,S,M
1946,CrimsonLordY,214.753,1625,T,J
1947,BeastMasterY,118.385,40,J,M
1948,CyberneticMidY,399.16,454,M,S
1949,PixelPusherY,165.303,134,A,T
1950,TheSoulWispY,283.528,783,S,J
1951,StormBreakerY,147.354,2120,T,A
1952,VoidGatekeeperY,305.422,953,J,S
1953,ArcaneTorrentY,364.931,0,M,T
1954,TrueStrikeY,235.673,1051,A,S
1955,RelicHunterY,113.027,296,S,M
1956,TitanCladY,107.389,687,T,J
1957,MistAssassinY,375.914,463,J,A
1958,StarFallMageY,26.3888,473,M,S
1959,SpectralBowY,263.814,20,A,T
1960,StoneSentinelY,114.44,1134,S,J
1961,TheRenegadeZ,295.888,1182,T,S
1962,FlickerStepY,75.9974,109,J,A
1963,TemporalShiftY,191.483,690,M,T
1964,LaserBladeY,389.504,1391,A,J
1965,AstralCompassY,29.7862,521,S,M
1966,HeavyMetalTopY,189.109,871,T,J
1967,JunglePhoenixY,128.577,505,J,A
1968,ElementalMidY,298.286,910,M,S
1969,BlazeCannonY,292.99,360,A,T
1970,DivineInterventionY,385.436,796,S,J
1971,GlacialAxeY,101.922,188,T,A
1972,ForestGuardianY,101.082,565,J,S
1973,ShadowcasterY,279.936,73,M,T
1974,TheAimbotY,163.354,654,A,M
1975,SupportiveGhoulY,196.658,1158,S,T
1976,ThunderstrikeY,10.9485,855,T,J
1977,SwiftPawY,140.206,73,J,A
1978,WarpGateY,99.1092,562,M,S
1979,GravityShotsY,197.669,364,A,T
1980,ManaBatteryY,322.08,855,S,J
1981,IroncladJuggernautY,244.672,1040,T,A
1982,ViperJungleY,307.748,468,J,S
1983,PyrokineticY,266.566,547,M,T
1984,BoomstickBotY,26.8272,895,A,M
1985,ArcaneTetherY,196.731,818,S,T
1986,TheColossusY,67.498,513,T,J
1987,CosmicBaneY,123.329,419,J,M
1988,RiftWalkerMidY,318.488,1217,M,S
1989,TrueSightADCZ,344.534,617,A,T
1990,StoneSkinSupportY,316.004,821,S,J
1991,BladeOfRuinY,385.802,501,T,A
1992,CrimsonThornY,24.0874,1600,J,S
1993,MidLaneMarauderY,369.777,905,M,T
1994,LaserStreamY,152.785,520,A,J
1995,SoulHarvesterY,343.791,509,S,M
1996,PhoenixTopY,137.381,625,T,J
1997,ChaosReaperY,103.176,232,J,A
1998,GlitterBombY,228.525,271,M,S
1999,TheGunslingerY,210.369,965,A,T
2000,MoonlitAuraY,107.402,597,S,J
2001,TheRenegadeZ2,334.379,1034,T,J
2002,JunglePhenomX,165.595,549,J,M
2003,ArcaneWhisperX,132.023,873,M,S
2004,CrimsonShotX,259.406,727,A,T
2005,CelestialAegisX,387.019,432,S,A
2006,VoidWalkerTopX,97.2339,704,T,M
2007,SpiritWolfJglX,9.99872,314,J,S
2008,RunicSealerX,186.089,1554,M,A
2009,StarlightCarryX,202.028,145,A,J
2010,TheWardenOfTimeX,253.025,1711,S,T
2011,MechPilot_T2,394.861,599,T,A
2012,AncientCurseX,303.498,319,J,M
2013,GlacierMageX,108.802,132,M,S
2014,HextechHunterX,298.871,714,A,T
2015,ChronoHealerX,127.335,663,S,J
2016,TheLastSentinelX,399.623,546,T,S
2017,ShadowFistX,42.1944,212,J,A
2018,CrystalOracleX,339.189,484,M,T
2019,CosmicDrifterX,164.584,188,A,S
2020,MistWalkerSuppX,375.159,1259,S,M
2021,MountainTankX,163.123,1141,T,J
2022,SunstoneGuardX,102.628,613,J,A
2023,DarkmatterMidX,87.9673,98,M,T
2024,InfernoADCX,196.451,532,A,S
2025,ZephyrAuraX,251.71,249,S,M
2026,BioForgeX,213.974,1095,T,J
2027,TerraBladeX,322.409,202,J,M
2028,VoidGateX,269.951,792,M,S
2029,ArcaneShotzX,229.658,320,A,T
2030,ManaShieldX,78.2623,452,S,J
2031,DeepSeaDiverX,154.38,658,T,A
2032,RumbleJungleX,56.3074,276,J,S
2033,EmberCoreX,377.984,1237,M,T
2034,LaserFocusBotX,270.328,241,A,S
2035,GuardianOfBlightX,189.815,761,S,M
2036,AetherWingX,123.463,765,T,J
2037,TheSilentStepX,15.4296,536,J,A
2038,AstralProjectionX,364.37,60,M,T
2039,GravityWellX,136.711,555,A,S
2040,IronLotusX,269.78,437,S,J
2041,FatesHandX,386.191,1069,T,S
2042,ChronosJungleX,96.7956,368,J,A
2043,CosmicRayX,154.818,618,M,T
2044,QuantumLeapADX,113.612,423,A,J
2045,TheNexusWardenX,147.853,659,S,M
2046,CrimsonLordX2,383.245,1533,T,J
2047,BeastOfBurdenX,248.422,363,J,M
2048,CyberneticMidX2,366.343,433,M,S
2049,PixelFlurryX,380.298,714,A,T
2050,TheSoulWispX2,112.54,983,S,J
2051,StormbreakerX2,358.075,2173,T,A
2052,VoidGatekeeperX2,13.3108,770,J,S
2053,ArcaneTorrentX2,324.686,1317,M,T
2054,TrueStrikeX2,2.02286,589,A,S
2055,RelicHunterX2,16.8665,1101,S,M
2056,TitanCladX2,387.701,958,T,J
2057,MistAssassinX2,373.905,145,J,A
2058,StarFallMageX2,259.625,1077,M,S
2059,SpectralBowX2,226.796,623,A,T
2060,StoneSentinelX2,189.571,794,S,J
2061,TheRenegadeX3,306.871,1553,T,S
2062,FlickerStepX2,145.211,280,J,A
2063,TemporalShiftX2,36.7026,49,M,T
2064,LaserBladeX2,16.5134,1285,A,J
2065,AstralCompassX2,110.994,254,S,M
2066,HeavyMetalTopX2,141.74,201,T,J
2067,JunglePhoenixX2,53.6772,339,J,A
2068,ElementalMidX2,58.8524,896,M,S
2069,BlazeCannonX2,163.196,573,A,T
2070,DivineInterventionX2,65.5375,1010,S,J
2071,GlacialAxeX2,182.156,456,T,A
2072,ForestGuardianX2,348.65,880,J,S
2073,ShadowcasterX2,133.643,132,M,T
2074,TheAimbotX2,210.321,505,A,M
2075,SupportiveGhoulX2,231.618,930,S,T
2076,ThunderstrikeX2,382.989,724,T,J
2077,SwiftPawX2,165.924,161,J,A
2078,WarpGateX2,51.3027,816,M,S
2079,GravityShotsX2,263.241,622,A,T
2080,ManaBatteryX2,328.461,936,S,J
2081,IroncladJuggernautX2,106.464,1375,T,A
2082,ViperJungleX2,8.00171,461,J,S
2083,PyrokineticX2,139.281,532,M,T
2084,BoomstickBotX2,228.233,514,A,M
2085,ArcaneTetherX2,337.192,654,S,T
2086,TheColossusX2,393.023,761,T,J
2087,CosmicBaneX2,332.723,659,J,M
2088,RiftWalkerMidX2,216.835,860,M,S
2089,TrueSightADCM2,383.038,465,A,T
2090,StoneSkinSupportX2,252.453,1566,S,J
2091,BladeOfRuinX2,268.636,24,T,A
2092,CrimsonThornX2,158.959,788,J,S
2093,MidLaneMarauderX2,45.3604,654,M,T
2094,LaserStreamX2,200.348,786,A,J
2095,SoulHarvesterX2,245.122,420,S,M
2096,PhoenixTopX2,121.405,534,T,J
2097,ChaosReaperX2,31.1013,255,J,A
2098,GlitterBombX2,381.564,115,M,S
2099,TheGunslingerX2,13.2256,598,A,T
2100,MoonlitAuraX2,94.5063,368,S,J
2101,TitanFallX2,45.2386,403,T,J
2102,SpiritBladeJglX2,59.6317,446,J,M
2103,ArcaneRuneX2,63.4552,1462,M,S
2104,PrecisionShotX2,372.115,283,A,T
2105,TemporalWarpX2,94.8107,728,S,A
2106,VoidEmperorX2,338.093,679,T,M
2107,IronStanceX2,294.536,60,J,S
2108,RiftWardenX2,208.482,883,M,A
2109,StarGazerADCY2,179.075,611,A,J
2110,TheAlchemistY2,152.602,793,S,T
2111,DeepFreezeTopX2,116.936,919,T,A
2112,WildernessGuideX2,151.226,695,J,M
2113,FrostfireMidX2,123.633,233,M,S
2114,LethalityBotX2,209.578,824,A,T
2115,HealingBeaconX2,252.952,839,S,J
2116,TheJuggernautX3,82.4999,627,T,S
2117,ShadowStrikeX2,319.584,356,J,A
2118,DreamWeaverX2,220.525,815,M,T
2119,CosmicFlareX2,310.488,571,A,S
2120,MistBenderX2,362.763,357,S,M
2121,ChaosBreakerX2,337.277,659,T,J
2122,WarpJumperX2,117.728,597,J,A
2123,EtherealMageX2,372.821,803,M,T
2124,TheOutlanderX2,104.199,275,A,S
2125,LifeWeaverX2,165.741,769,S,M
2126,VoidTitanX2,176.749,572,T,J
2127,AncientSpiritX2,282.152,1003,J,M
2128,StormCallerX2,367.159,339,M,S
2129,AuraOfMightADCY2,249.482,542,A,T
2130,TheCatalystY2,357.101,278,S,J
2131,ApexPredatorX2,71.2972,653,T,A
2132,IronTuskX2,321.69,882,J,S
2133,CrimsonArtX2,285.501,0,M,T
2134,ArcaneMarksmanY2,170.624,962,A,J
2135,ChronoAnchorX2,9.4264,1247,S,M
2136,StarKillerTopX2,152.468,1044,T,J
2137,DeepForestJglX2,134.593,765,J,A
2138,PixelSurgeonX2,187.172,494,M,T
2139,TheBoomerangX2,125.07,782,A,S
2140,DivineSmiteX2,345.362,341,S,J
2141,SteelHeartX2,16.3429,751,T,S
2142,GhostWolfX2,102.726,185,J,A
2143,FlameWielderX2,66.4142,609,M,T
2144,TrueShotADCY2,360.778,804,A,J
2145,RunestoneSupportX2,150.167,131,S,M
2146,TheNomadX3,65.8663,1141,T,J
2147,RiftBladeX2,358.988,192,J,M
2148,FrostbiteMageX2,297.069,723,M,S
2149,LunarBowX2,203.757,393,A,T
2150,ZenithWardenX3,187.574,720,S,J
2151,VoidLordY2,334.866,433,T,A
2152,StormJumperX2,170.149,281,J,S
2153,TheOracleMidX2,307.249,690,M,T
2154,PhantomStrikeX2,142.349,98,A,J
2155,AuraOfSacrificeY2,177.455,1757,S,M
2156,ShadowPlateX2,13.6761,822,T,J
2157,MysticTrapperX2,4.49477,42,J,A
2158,TemporalCloneX2,169.601,670,M,S
2159,GalacticShotX2,361.046,832,A,T
2160,MaelstromSupportX2,213.828,256,S,J
2161,TheWreckingBallX2,91.6934,650,T,S
2162,BushidoJglX2,196.244,880,J,A
2163,CrimsonBladeMidX2,342.915,0,M,T
2164,HighNoonBotX2,96.0284,462,A,J
2165,SpiritHealerX2,123.877,431,S,M
2166,IronWillY2,384.584,472,T,J
2167,JungleGhostX2,161.613,254,J,M
2168,LaneManipulatorX2,162.843,683,M,S
2169,FocusFireY2,130.343,596,A,T
2170,CelestialGuardX2,225.25,38,S,J
2171,TheExecutionerY2,15.9654,256,T,A
2172,ManaDrainerX2,15.1861,845,J,S
2173,ElementalFuryX2,117.764,674,M,T
2174,TwinBarrelX2,277.427,103,A,M
2175,TheProtectorY2,281.263,353,S,T
2176,TitanHeartX2,149.083,245,T,J
2177,DeepStrikeY2,315.919,744,J,A
2178,CosmicVoidX2,85.057,505,M,S
2179,ArcaneMarksmanY3,229.548,895,A,T
2180,ShadowWardenX2,59.2299,317,S,J
2181,TrueDamageTopX2,133.594,347,T,S
2182,StoneGazeX2,361.302,295,J,A
2183,PhoenixFlameX2,304.229,705,M,T
2184,PrecisionAuraX2,43.5704,465,A,J
2185,TheClericX2,376.036,878,S,M
2186,AuraTankX2,176.761,732,T,J
2187,VortexJungleX2,230.887,708,J,M
2188,IllusionistMidX2,337.167,0,M,S
2189,TheFinisherY2,307.139,526,A,T
2190,CelestialHealX2,37.1532,125,S,J
2191,IroncladV42,208.725,721,T,A
2192,WildfireJglX2,181.291,297,J,S
2193,WispOfLightX2,92.8746,829,M,T
2194,BoomHeadshotX2,388.505,893,A,J
2195,TheGuardianY2,257.336,63,S,M
2196,TheNomadY2,32.4772,577,T,J
2197,ToxicTrapperX2,209.225,1655,J,A
2198,StarGazerMidX2,51.668,189,M,S
2199,FrostfireShotX2,175.263,137,A,T
2200,MuteButtonSuppX2,340.236,953,S,J
2201,SteelCommanderX2,370.885,637,T,J
2202,ShadowProwlerX2,84.5821,713,J,M
2203,ArcaneScholarX2,372.151,608,M,S
2204,RapidFireBotX2,97.9037,460,A,T
2205,EternalAegisX2,337.313,1384,S,A
2206,SunfireKingX2,17.4875,469,T,M
2207,JungleSageX2,45.7744,146,J,S
2208,TheWarpedOneX2,166.947,1106,M,A
2209,CritAndQuitX2,364.224,103,A,J
2210,GuardianStoneX2,338.969,572,S,T
2211,TheBruiserY2,148.024,493,T,A
2212,DeepStrikeV32,214.619,911,J,M
2213,IllusionaryMidX2,65.9637,514,M,S
2214,PhantomArrowX2,172.889,1188,A,T
2215,LifeStealerSuppX2,29.7131,156,S,J
2216,IronHeartY2,250.431,1273,T,S
2217,CosmicViperX2,240.203,164,J,A
2218,RiftWalkerY2,34.0481,963,M,T
2219,SniperY_ADC2,395.665,421,A,S
2220,TheAlchemistZ2,389.747,391,S,M
2221,TitanOfWarX2,36.1181,766,T,J
2222,ManaLeechX2,198.777,663,J,A
2223,VoidBlastX2,262.9,809,M,T
2224,HextechStrikeX2,253.281,406,A,S
2225,AetherHealX2,2.54646,901,S,M
2226,TheOutpostX2,188.962,842,T,J
2227,TerraShaperX2,154.063,647,J,M
2228,ShadowScribeX2,10.3518,516,M,S
2229,BlazingArrowX2,205.365,504,A,T
2230,OceanicGuardX2,280.155,712,S,J
2231,GlacialTalonX2,17.3536,650,T,A
2232,JungleMasterY2,85.4223,640,J,S
2233,WarpMageX2,359.5,681,M,T
2234,PentaDreamerX2,158.057,1484,A,J
2235,StoneSkinY2,114.769,282,S,M
2236,TheDreadnoughtY2,338.775,737,T,J
2237,NightshadeJglX2,341.928,464,J,M
2238,TemporalAnchorX2,22.8453,893,M,S
2239,LaserBeamBotX2,153.004,806,A,T
2240,AuraOfSacrificeY3,130.038,477,S,J
2241,TrueSteelY2,50.8278,504,T,S
2242,TheHunterY2,63.9667,377,J,A
2243,CosmicArtisanX2,110.982,343,M,T
2244,PixelFuryX2,75.2059,551,A,S
2245,ZenithWardenY2,169.65,1179,S,M
2246,CrimsonLordY2,13.6518,1230,T,J
2247,BeastMasterY2,33.147,450,J,M
2248,CyberneticMidY2,122.952,985,M,S
2249,PixelPusherY2,7.77035,548,A,T
2250,TheSoulWispY2,287.887,1320,S,J
2251,StormBreakerY2,247.558,594,T,A
2252,VoidGatekeeperY2,346.848,308,J,S
2253,ArcaneTorrentY2,360.9,1015,M,T
2254,TrueStrikeY2,38.9188,726,A,S
2255,RelicHunterY2,75.9244,116,S,M
2256,TitanCladY2,276.392,906,T,J
2257,MistAssassinY2,380.748,355,J,A
2258,StarFallMageY2,12.3001,1144,M,S
2259,SpectralBowY2,85.7755,57,A,T
2260,StoneSentinelY2,370.313,700,S,J
2261,TheRenegadeZ3,387.117,2028,T,S
2262,FlickerStepY2,345.387,216,J,A
2263,TemporalShiftY2,365.6,274,M,T
2264,LaserBladeY2,258.103,995,A,J
2265,AstralCompassY2,10.9607,185,S,M
2266,HeavyMetalTopY2,3.1066,540,T,J
2267,JunglePhoenixY2,272.228,803,J,A
2268,ElementalMidY2,146.392,633,M,S
2269,BlazeCannonY2,10.5101,375,A,T
2270,DivineInterventionY2,357.478,775,S,J
2271,GlacialAxeY2,111.7,162,T,A
2272,ForestGuardianY2,15.8314,1310,J,S
2273,ShadowcasterY2,341.052,51,M,T
2274,TheAimbotY2,55.0288,512,A,M
2275,SupportiveGhoulY2,227.259,1143,S,T
2276,ThunderstrikeY2,212.318,1199,T,J
2277,SwiftPawY2,27.4604,148,J,A
2278,WarpGateY2,38.0056,1229,M,S
2279,GravityShotsY2,350.111,725,A,T
2280,ManaBatteryY2,53.2145,382,S,J
2281,IroncladJuggernautY2,198.266,616,T,A
2282,ViperJungleY2,277.501,1472,J,S
2283,PyrokineticY2,272.545,138,M,T
2284,BoomstickBotY2,47.2722,885,A,M
2285,ArcaneTetherY2,268.843,1067,S,T
2286,TheColossusY2,301.136,626,T,J
2287,CosmicBaneY2,309.952,517,J,M
2288,RiftWalkerMidY2,359.037,730,M,S
2289,TrueSightADCZ2,203.952,154,A,T
2290,StoneSkinSupportY2,235.807,691,S,J
2291,BladeOfRuinY2,217.42,578,T,A
2292,CrimsonThornY2,318.317,1182,J,S
2293,MidLaneMarauderY2,44.2279,230,M,T
2294,LaserStreamY2,83.7906,821,A,J
2295,SoulHarvesterY2,214.388,248,S,M
2296,PhoenixTopY2,383.768,594,T,J
2297,ChaosReaperY2,50.5234,1088,J,A
2298,GlitterBombY2,336.802,82,M,S
2299,TheGunslingerY2,389.126,1009,A,T
2300,MoonlitAuraY2,188.719,746,S,J
2301,TitanFallX3,231.971,881,T,J
2302,SpiritBladeJglX3,50.4747,41,J,M
2303,ArcaneRuneX3,141.314,814,M,S
2304,PrecisionShotX3,63.6866,65,A,T
2305,TemporalWarpX3,217.566,776,S,A
2306,VoidEmperorX3,271.753,725,T,M
2307,IronStanceX3,318.865,217,J,S
2308,RiftWardenX3,62.6272,1077,M,A
2309,StarGazerADCY3,232.129,372,A,J
2310,TheAlchemistY3,163.427,267,S,T
2311,DeepFreezeTopX3,130.842,410,T,A
2312,WildernessGuideX3,296.18,1479,J,M
2313,FrostfireMidX3,146.636,731,M,S
2314,LethalityBotX3,102.738,1227,A,T
2315,HealingBeaconX3,270.84,924,S,J
2316,TheJuggernautX4,190.144,612,T,S
2317,ShadowStrikeX3,156.341,144,J,A
2318,DreamWeaverX3,295.047,874,M,T
2319,CosmicFlareX3,342.781,129,A,S
2320,MistBenderX3,73.4525,177,S,M
2321,ChaosBreakerX3,57.1354,1014,T,J
2322,WarpJumperX3,2.33946,525,J,A
2323,EtherealMageX3,28.1057,1257,M,T
2324,TheOutlanderX3,319.742,487,A,S
2325,LifeWeaverX3,274.456,645,S,M
2326,VoidTitanX3,291.93,846,T,J
2327,AncientSpiritX3,66.8769,680,J,M
2328,StormCallerX3,249.762,330,M,S
2329,AuraOfMightADCY3,18.8635,1486,A,T
2330,TheCatalystY3,242.772,54,S,J
2331,ApexPredatorX3,122.245,1081,T,A
2332,IronTuskX3,398.064,594,J,S
2333,CrimsonArtX3,112.151,41,M,T
2334,ArcaneMarksmanY3,288.058,108,A,J
2335,ChronoAnchorX3,374.051,678,S,M
2336,StarKillerTopX3,375.78,626,T,J
2337,DeepForestJglX3,271.583,625,J,A
2338,PixelSurgeonX3,237.28,692,M,T
2339,TheBoomerangX3,320.034,1399,A,S
2340,DivineSmiteX3,322.141,418,S,J
2341,SteelHeartX3,391.403,899,T,S
2342,GhostWolfX3,70.4935,652,J,A
2343,FlameWielderX3,34.3403,883,M,T
2344,TrueShotADCY3,171.574,392,A,J
2345,RunestoneSupportX3,397.321,625,S,M
2346,TheNomadX4,225.055,828,T,J
2347,RiftBladeX3,154.879,290,J,M
2348,FrostbiteMageX3,339.931,786,M,S
2349,LunarBowX3,232.726,660,A,T
2350,ZenithWardenX4,290.396,817,S,J
2351,VoidLordY3,262.961,983,T,A
2352,StormJumperX3,51.7776,1018,J,S
2353,TheOracleMidX3,138.721,612,M,T
2354,PhantomStrikeX3,13.3717,139,A,J
2355,AuraOfSacrificeY3,306.201,732,S,M
2356,ShadowPlateX3,104.236,811,T,J
2357,MysticTrapperX3,392.499,77,J,A
2358,TemporalCloneX3,332.418,556,M,S
2359,GalacticShotX3,338.909,1320,A,T
2360,MaelstromSupportX3,304.278,801,S,J
2361,TheWreckingBallX3,267.175,484,T,S
2362,BushidoJglX3,363.262,621,J,A
2363,CrimsonBladeMidX3,38.6631,154,M,T
2364,HighNoonBotX3,370.057,447,A,J
2365,SpiritHealerX3,165.887,934,S,M
2366,IronWillY3,24.4649,580,T,J
2367,JungleGhostX3,56.7945,257,J,M
2368,LaneManipulatorX3,119.14,763,M,S
2369,FocusFireY3,308.771,738,A,T
2370,CelestialGuardX3,235.393,446,S,J
2371,TheExecutionerY3,277.257,914,T,A
2372,ManaDrainerX3,153.199,812,J,S
2373,ElementalFuryX3,324.942,902,M,T
2374,TwinBarrelX3,399.903,682,A,M
2375,TheProtectorY3,233.347,376,S,T
2376,TitanHeartX3,59.035,355,T,J
2377,DeepStrikeY3,310.22,446,J,A
2378,CosmicVoidX3,270.487,256,M,S
2379,ArcaneMarksmanY4,348.297,483,A,T
2380,ShadowWardenX3,123.439,655,S,J
2381,TrueDamageTopX3,121.308,695,T,S
2382,StoneGazeX3,320.022,114,J,A
2383,PhoenixFlameX3,71.7477,709,M,T
2384,PrecisionAuraX3,389.966,414,A,J
2385,TheClericX3,260.611,844,S,M
2386,AuraTankX3,134.958,610,T,J
2387,VortexJungleX3,356.285,1078,J,M
2388,IllusionistMidX3,261.853,17,M,S
2389,TheFinisherY3,324.016,778,A,T
2390,CelestialHealX3,128.991,209,S,J
2391,IroncladV5,162.039,584,T,A
2392,WildfireJglX3,60.3623,236,J,S
2393,WispOfLightX3,361.083,948,M,T
2394,BoomHeadshotX3,106.087,752,A,J
2395,TheGuardianY3,19.6063,270,S,M
2396,TheNomadY3,161.686,611,T,J
2397,ToxicTrapperX3,321.958,708,J,A
2398,StarGazerMidX3,371.104,761,M,S
2399,FrostfireShotX3,344.218,611,A,T
2400,MuteButtonSuppX3,318.646,1474,S,J
2401,SteelCommanderX3,147.244,763,T,J
2402,ShadowProwlerX3,113.429,777,J,M
2403,ArcaneScholarX3,349.21,745,M,S
2404,RapidFireBotX3,376.523,0,A,T
2405,EternalAegisX3,64.405,671,S,A
2406,SunfireKingX3,358.416,582,T,M
2407,JungleSageX3,15.2591,493,J,S
2408,TheWarpedOneX3,201.018,568,M,A
2409,CritAndQuitX3,55.6986,645,A,J
2410,GuardianStoneX3,226.65,693,S,T
2411,TheBruiserY3,189.961,640,T,A
2412,DeepStrikeV33,27.8379,1451,J,M
2413,IllusionaryMidX3,56.3683,456,M,S
2414,PhantomArrowX3,179.842,574,A,T
2415,LifeStealerSuppX3,82.1589,518,S,J
2416,IronHeartY3,248.787,865,T,S
2417,CosmicViperX3,247.156,0,J,A
2418,RiftWalkerY3,195.757,876,M,T
2419,SniperY_ADC3,393.144,435,A,S
2420,TheAlchemistZ3,247.947,783,S,M
2421,TitanOfWarX3,206.668,369,T,J
2422,ManaLeechX3,166.472,662,J,A
2423,VoidBlastX3,176.591,1320,M,T
2424,HextechStrikeX3,90.8898,456,A,S
2425,AetherHealX3,277.683,761,S,M
2426,TheOutpostX3,38.6996,698,T,J
2427,TerraShaperX3,58.5723,1576,J,M
2428,ShadowScribeX3,291.285,155,M,S
2429,BlazingArrowX3,322.117,841,A,T
2430,OceanicGuardX3,207.41,803,S,J
2431,GlacialTalonX3,308.612,459,T,A
2432,JungleMasterY3,266.006,809,J,S
2433,WarpMageX3,16.6351,263,M,T
2434,PentaDreamerX3,80.3446,1050,A,J
2435,StoneSkinY3,8.78103,716,S,M
2436,TheDreadnoughtY3,279.132,517,T,J
2437,NightshadeJglX3,252.465,236,J,M
2438,TemporalAnchorX3,112.893,802,M,S
2439,LaserBeamBotX3,176.25,321,A,T
2440,AuraOfSacrificeY4,303.839,765,S,J
2441,TrueSteelY3,215.618,85,T,S
2442,TheHunterY3,43.7652,736,J,A
2443,CosmicArtisanX3,327.962,0,M,T
2444,PixelFuryX3,203.623,0,A,S
2445,ZenithWardenY3,85.1423,2022,S,M
2446,CrimsonLordY3,226.857,1191,T,J
2447,BeastMasterY3,120.881,292,J,M
2448,CyberneticMidY3,247.886,833,M,S
2449,PixelPusherY3,334.208,399,A,T
2450,TheSoulWispY3,385.997,785,S,J
2451,StormBreakerY3,344.79,1403,T,A
2452,VoidGatekeeperY3,378.24,302,J,S
2453,ArcaneTorrentY3,390.064,1021,M,T
2454,TrueStrikeY3,293.769,850,A,S
2455,RelicHunterY3,137.539,502,S,M
2456,TitanCladY3,33.5853,1725,T,J
2457,MistAssassinY3,6.55266,157,J,A
2458,StarFallMageY3,292.113,853,M,S
2459,SpectralBowY3,261.244,455,A,T
2460,StoneSentinelY3,142.532,207,S,J
2461,TheRenegadeZ4,120.114,925,T,S
2462,FlickerStepY3,170.977,131,J,A
2463,TemporalShiftY3,132.072,634,M,T
2464,LaserBladeY3,312.789,675,A,J
2465,AstralCompassY3,158.983,327,S,M
2466,HeavyMetalTopY3,307.699,863,T,J
2467,JunglePhoenixY3,38.1151,357,J,A
2468,ElementalMidY3,8.41572,834,M,S
2469,BlazeCannonY3,147.658,716,A,T
2470,DivineInterventionY3,391.33,685,S,J
2471,GlacialAxeY3,228.172,513,T,A
2472,ForestGuardianY3,335.621,513,J,S
2473,ShadowcasterY3,187.294,17,M,T
2474,TheAimbotY3,33.6584,765,A,M
2475,SupportiveGhoulY3,325.575,862,S,T
2476,ThunderstrikeY3,65.6471,1041,T,J
2477,SwiftPawY3,67.8389,255,J,A
2478,WarpGateY3,182.192,759,M,S
2479,GravityShotsY3,326.342,689,A,T
2480,ManaBatteryY3,71.7599,548,S,J
2481,IroncladJuggernautY3,371.068,454,T,A
2482,ViperJungleY3,60.5328,678,J,S
2483,PyrokineticY3,251.454,624,M,T
2484,BoomstickBotY3,232.763,902,A,M
2485,ArcaneTetherY3,238.778,1396,S,T
2486,TheColossusY3,122.891,471,T,J
2487,CosmicBaneY3,111.639,126,J,M
2488,RiftWalkerMidY3,187.026,1221,M,S
2489,TrueSightADCZ3,347.773,252,A,T
2490,StoneSkinSupportY3,161.918,862,S,J
2491,BladeOfRuinY3,47.5035,858,T,A
2492,CrimsonThornY3,358.44,892,J,S
2493,MidLaneMarauderY3,280.642,533,M,T
2494,LaserStreamY3,263.448,1744,A,J
2495,SoulHarvesterY3,308.369,1068,S,M
2496,PhoenixTopY3,274.395,914,T,J
2497,ChaosReaperY3,30.8334,339,J,A
2498,GlitterBombY3,131.585,510,M,S
2499,TheGunslingerY3,134.544,600,A,T
2500,MoonlitAuraY3,173.108,375,S,J
2501,TitanFallX4,18.5834,699,T,J
2502,SpiritBladeJglX4,88.7345,1007,J,M
2503,ArcaneRuneX4,393.619,825,M,S
2504,PrecisionShotX4,127.372,814,A,T
2505,TemporalWarpX4,178.49,401,S,A
2506,VoidEmperorX4,71.7477,1110,T,M
2507,IronStanceX4,257.348,274,J,S
2508,RiftWardenX4,288.094,492,M,A
2509,StarGazerADCY4,76.655,788,A,J
2510,TheAlchemistY4,328.047,538,S,T
2511,DeepFreezeTopX4,350.671,559,T,A
2512,WildernessGuideX4,65.7201,1105,J,M
2513,FrostfireMidX4,219.49,520,M,S
2514,LethalityBotX4,132.79,453,A,T
2515,HealingBeaconX4,265.592,209,S,J
2516,TheJuggernautX5,251.953,511,T,S
2517,ShadowStrikeX4,127.372,0,J,A
2518,DreamWeaverX4,225.944,135,M,T
2519,CosmicFlareX4,78.311,193,A,S
2520,MistBenderX4,313.605,501,S,M
2521,ChaosBreakerX4,118.824,1253,T,J
2522,WarpJumperX4,103.347,219,J,A
2523,EtherealMageX4,146.526,652,M,T
2524,TheOutlanderX4,48.3559,414,A,S
2525,LifeWeaverX4,383.354,708,S,M
2526,VoidTitanX4,249.567,529,T,J
2527,AncientSpiritX4,47.0043,549,J,M
2528,StormCallerX4,228.075,642,M,S
2529,AuraOfMightADCY4,298.213,536,A,T
2530,TheCatalystY4,47.7836,263,S,J
2531,ApexPredatorX4,107.621,636,T,A
2532,IronTuskX4,247.278,426,J,S
2533,CrimsonArtX4,345.789,332,M,T
2534,ArcaneMarksmanY4,257.287,221,A,J
2535,ChronoAnchorX4,9.87695,579,S,M
2536,StarKillerTopX4,170.916,647,T,J
2537,DeepForestJglX4,10.4493,896,J,A
2538,PixelSurgeonX4,395.044,348,M,T
2539,TheBoomerangX4,310.013,497,A,S
2540,DivineSmiteX4,11.4843,174,S,J
2541,SteelHeartX4,395.75,756,T,S
2542,GhostWolfX4,310.707,748,J,A
2543,FlameWielderX4,157.741,701,M,T
2544,TrueShotADCY4,38.9432,916,A,J
2545,RunestoneSupportX4,152.724,418,S,M
2546,TheNomadX5,281.811,740,T,J
2547,RiftBladeX4,252.867,306,J,M
2548,FrostbiteMageX4,140.523,661,M,S
2549,LunarBowX4,243.357,415,A,T
2550,ZenithWardenX5,140.109,588,S,J
2551,VoidLordY4,328.753,854,T,A
2552,StormJumperX4,38.59,343,J,S
2553,TheOracleMidX4,144.699,536,M,T
2554,PhantomStrikeX4,135.189,115,A,J
2555,AuraOfSacrificeY4,202.637,882,S,M
2556,ShadowPlateX4,379.019,691,T,J
2557,MysticTrapperX4,219.892,283,J,A
2558,TemporalCloneX4,56.1735,339,M,S
2559,GalacticShotX4,66.2072,1033,A,T
2560,MaelstromSupportX4,113.904,289,S,J
2561,TheWreckingBallX4,43.5704,483,T,S
2562,BushidoJglX4,115.584,929,J,A
2563,CrimsonBladeMidX4,278.134,169,M,T
2564,HighNoonBotX4,166.338,890,A,J
2565,SpiritHealerX4,225.749,1479,S,M
2566,IronWillY4,116.206,555,T,J
2567,JungleGhostX4,322.019,468,J,M
2568,LaneManipulatorX4,22.9306,1223,M,S
2569,FocusFireY4,314.92,480,A,T
2570,CelestialGuardX4,6.08994,655,S,J
2571,TheExecutionerY4,383.525,978,T,A
2572,ManaDrainerX4,34.7056,819,J,S
2573,ElementalFuryX4,324.211,763,M,T
2574,TwinBarrelX4,337.581,102,A,M
2575,TheProtectorY4,23.1132,951,S,T
2576,TitanHeartX4,62.4324,568,T,J
2577,DeepStrikeY4,57.4886,509,J,A
2578,CosmicVoidX4,149.193,20,M,S
2579,ArcaneMarksmanY5,191.166,245,A,T
2580,ShadowWardenX4,64.5755,258,S,J
2581,TrueDamageTopX4,188.207,603,T,S
2582,StoneGazeX4,362.702,243,J,A
2583,PhoenixFlameX4,268.818,1108,M,T
2584,PrecisionAuraX4,47.0773,427,A,J
2585,TheClericX4,65.8541,1908,S,M
2586,AuraTankX4,238.839,477,T,J
2587,VortexJungleX4,371.409,404,J,M
2588,IllusionistMidX4,185.443,337,M,S
2589,TheFinisherY4,192.859,957,A,T
2590,CelestialHealX4,171.233,261,S,J
2591,IroncladV6,198.899,1093,T,A
2592,WildfireJglX4,133.838,501,J,S
2593,WispOfLightX4,356.857,915,M,T
2594,BoomHeadshotX4,356.93,1038,A,J
2595,TheGuardianY4,281.068,157,S,M
2596,TheNomadY4,327.06,799,T,J
2597,ToxicTrapperX4,163.939,824,J,A
2598,StarGazerMidX4,243.856,438,M,S
2599,FrostfireShotX4,93.727,187,A,T
2600,MuteButtonSuppX4,299.943,758,S,J
2601,SteelCommanderX4,140.06,735,T,J
2602,ShadowProwlerX4,264.142,476,J,M
2603,ArcaneScholarX4,91.0481,810,M,S
2604,RapidFireBotX4,21.993,14,A,T
2605,EternalAegisX4,171.148,636,S,A
2606,SunfireKingX4,379.141,725,T,M
2607,JungleSageX4,135.104,276,J,S
2608,TheWarpedOneX4,70.0673,714,M,A
2609,CritAndQuitX4,231.971,246,A,J
2610,GuardianStoneX4,137.162,825,S,T
2611,TheBruiserY4,170.612,598,T,A
2612,DeepStrikeV34,252.538,498,J,M
2613,IllusionaryMidX4,174.399,195,M,S
2614,PhantomArrowX4,356.066,991,A,T
2615,LifeStealerSuppX4,15.113,321,S,J
2616,IronHeartY4,89.0145,663,T,S
2617,CosmicViperX4,333.21,67,J,A
2618,RiftWalkerY4,358.282,809,M,T
2619,SniperY_ADC4,122.611,604,A,S
2620,TheAlchemistZ4,360.035,438,S,M
2621,TitanOfWarX4,118.848,375,T,J
2622,ManaLeechX4,47.7592,783,J,A
2623,VoidBlastX4,190.752,902,M,T
2624,HextechStrikeX4,352.656,260,A,S
2625,AetherHealX4,345.496,1318,S,M
2626,TheOutpostX4,357.308,582,T,J
2627,TerraShaperX4,262.657,717,J,M
2628,ShadowScribeX4,390.539,635,M,S
2629,BlazingArrowX4,79.7966,41,A,T
2630,OceanicGuardX4,183.641,855,S,J
2631,GlacialTalonX4,395.507,566,T,A
2632,JungleMasterY4,284.32,149,J,S
2633,WarpMageX4,142.532,55,M,T
2634,PentaDreamerX4,96.9417,1288,A,J
2635,StoneSkinY4,355.006,239,S,M
2636,TheDreadnoughtY4,98.89,751,T,J
2637,NightshadeJglX4,58.6088,331,J,M
2638,TemporalAnchorX4,168.968,1014,M,S
2639,LaserBeamBotX4,195.733,697,A,T
2640,AuraOfSacrificeY5,257.543,994,S,J
2641,TrueSteelY4,188.792,672,T,S
2642,TheHunterY4,211.538,1568,J,A
2643,CosmicArtisanX4,393.51,512,M,T
2644,PixelFuryX4,197.194,850,A,S
2645,ZenithWardenY4,227.356,943,S,M
2646,CrimsonLordY4,143.713,1672,T,J
2647,BeastMasterY4,394.983,236,J,M
2648,CyberneticMidY4,176.189,50,M,S
2649,PixelPusherY4,213.146,417,A,T
2650,TheSoulWispY4,1.09742,279,S,J
2651,StormBreakerY4,235.271,1314,T,A
2652,VoidGatekeeperY4,261.524,425,J,S
2653,ArcaneTorrentY4,26.3645,699,M,T
2654,TrueStrikeY4,98.8656,1770,A,S
2655,RelicHunterY4,99.1335,319,S,M
2656,TitanCladY4,298.968,538,T,J
2657,MistAssassinY4,326.354,201,J,A
2658,StarFallMageY4,63.8206,1234,M,S
2659,SpectralBowY4,82.3051,618,A,T
2660,StoneSentinelY4,80.2106,870,S,J
2661,TheRenegadeZ5,104.747,636,T,S
2662,FlickerStepY4,40.0878,314,J,A
2663,TemporalShiftY4,215.52,166,M,T
2664,LaserBladeY4,318.257,568,A,J
2665,AstralCompassY4,193.456,285,S,M
2666,HeavyMetalTopY4,389.905,440,T,J
2667,JunglePhoenixY4,214.984,231,J,A
2668,ElementalMidY4,54.3104,1345,M,S
2669,BlazeCannonY4,320.643,653,A,T
2670,DivineInterventionY4,1.71844,839,S,J
2671,GlacialAxeY4,218.711,579,T,A
2672,ForestGuardianY4,284.38,756,J,S
2673,ShadowcasterY4,251.089,250,M,T
2674,TheAimbotY4,300.71,325,A,M
2675,SupportiveGhoulY4,376.401,408,S,T
2676,ThunderstrikeY4,251.649,892,T,J
2677,SwiftPawY4,185.468,214,J,A
2678,WarpGateY4,310.195,894,M,S
2679,GravityShotsY4,153.43,163,A,T
2680,ManaBatteryY4,183.227,930,S,J
2681,IroncladJuggernautY4,181.535,595,T,A
2682,ViperJungleY4,233.481,714,J,S
2683,PyrokineticY4,4.59218,712,M,T
2684,BoomstickBotY4,109.009,831,A,M
2685,ArcaneTetherY4,155.951,708,S,T
2686,TheColossusY4,101.788,1032,T,J
2687,CosmicBaneY4,293.148,702,J,M
2688,RiftWalkerMidY4,162.246,804,M,S
2689,TrueSightADCZ4,229.791,37,A,T
2690,StoneSkinSupportY4,184.201,841,S,J
2691,BladeOfRuinY4,110.689,559,T,A
2692,CrimsonThornY4,378.885,1005,J,S
2693,MidLaneMarauderY4,183.166,248,M,T
2694,LaserStreamY4,79.8332,459,A,J
2695,SoulHarvesterY4,50.6573,150,S,M
2696,PhoenixTopY4,207.812,715,T,J
2697,ChaosReaperY4,176.445,473,J,A
2698,GlitterBombY4,394.959,516,M,S
2699,TheGunslingerY4,19.8255,1030,A,T
2700,MoonlitAuraY4,138.514,715,S,J
2701,TitanFallX5,306.226,516,T,J
2702,SpiritBladeJglX5,334.196,804,J,M
2703,ArcaneRuneX5,130.501,891,M,S
2704,PrecisionShotX5,71.9791,487,A,T
2705,TemporalWarpX5,355.433,801,S,A
2706,VoidEmperorX5,295.681,635,T,M
2707,IronStanceX5,147.062,49,J,S
2708,RiftWardenX5,33.3783,975,M,A
2709,StarGazerADCY5,99.0726,372,A,J
2710,TheAlchemistY5,6.17518,870,S,T
2711,DeepFreezeTopX5,342.245,837,T,A
2712,WildernessGuideX5,246.596,653,J,M
2713,FrostfireMidX5,327.694,422,M,S
2714,LethalityBotX5,89.185,1434,A,T
2715,HealingBeaconX5,35.0344,850,S,J
2716,TheJuggernautX6,183.885,934,T,S
2717,ShadowStrikeX5,162.076,92,J,A
2718,DreamWeaverX5,394.837,601,M,T
2719,CosmicFlareX5,256.593,96,A,S
2720,MistBenderX5,393.802,775,S,M
2721,ChaosBreakerX5,397.626,636,T,J
2722,WarpJumperX5,191.714,394,J,A
2723,EtherealMageX5,32.6843,729,M,T
2724,TheOutlanderX5,336.68,379,A,S
2725,LifeWeaverX5,72.3809,620,S,M
2726,VoidTitanX5,332.577,838,T,J
2727,AncientSpiritX5,310.573,827,J,M
2728,StormCallerX5,20.8849,246,M,S
2729,AuraOfMightADCY5,386.532,775,A,T
2730,TheCatalystY5,124.693,1014,S,J
2731,ApexPredatorX5,230.607,604,T,A
2732,IronTuskX5,265.092,858,J,S
2733,CrimsonArtX5,374.319,122,M,T
2734,ArcaneMarksmanY5,189.23,613,A,J
2735,ChronoAnchorX5,169.297,1065,S,M
2736,StarKillerTopX5,202.588,533,T,J
2737,DeepForestJglX5,51.875,646,J,A
2738,PixelSurgeonX5,50.012,183,M,T
2739,TheBoomerangX5,244.465,407,A,S
2740,DivineSmiteX5,20.1786,222,S,J
2741,SteelHeartX5,230.546,396,T,S
2742,GhostWolfX5,140.425,492,J,A
2743,FlameWielderX5,329.885,798,M,T
2744,TrueShotADCY5,365.625,842,A,J
2745,RunestoneSupportX5,354.41,61,S,M
2746,TheNomadX6,160.566,652,T,J
2747,RiftBladeX5,245.268,115,J,M
2748,FrostbiteMageX5,31.9415,586,M,S
2749,LunarBowX5,310.195,502,A,T
2750,ZenithWardenX6,281.409,1356,S,J
2751,VoidLordY5,184.006,543,T,A
2752,StormJumperX5,110.775,854,J,S
2753,TheOracleMidX5,386.131,1107,M,T
2754,PhantomStrikeX5,320.254,120,A,J
2755,AuraOfSacrificeY5,44.3619,1038,S,M
2756,ShadowPlateX5,263.083,907,T,J
2757,MysticTrapperX5,140.73,488,J,A
2758,TemporalCloneX5,192.104,311,M,S
2759,GalacticShotX5,120.553,773,A,T
2760,MaelstromSupportX5,87.2245,178,S,J
2761,TheWreckingBallX5,333.271,619,T,S
2762,BushidoJglX5,352.291,785,J,A
2763,CrimsonBladeMidX5,223.557,366,M,T
2764,HighNoonBotX5,10.9729,717,A,J
2765,SpiritHealerX5,297.848,587,S,M
2766,IronWillY5,347.773,503,T,J
2767,JungleGhostX5,86.9688,297,J,M
2768,LaneManipulatorX5,323.261,1298,M,S
2769,FocusFireY5,99.9615,419,A,T
2770,CelestialGuardX5,177.93,293,S,J
2771,TheExecutionerY5,122.818,720,T,A
2772,ManaDrainerX5,353.204,676,J,S
2773,ElementalFuryX5,256.154,677,M,T
2774,TwinBarrelX5,187.793,776,A,M
2775,TheProtectorY5,195.55,828,S,T
2776,TitanHeartX5,3.47191,864,T,J
2777,DeepStrikeY5,375.963,468,J,A
2778,CosmicVoidX5,204.61,336,M,S
2779,ArcaneMarksmanY6,267.138,674,A,T
2780,ShadowWardenX5,59.2907,587,S,J
2781,TrueDamageTopX5,279.692,709,T,S
2782,StoneGazeX5,24.9885,210,J,A
2783,PhoenixFlameX5,182.643,822,M,T
2784,PrecisionAuraX5,288.192,483,A,J
2785,TheClericX5,163.087,1486,S,M
2786,AuraTankX5,367.305,505,T,J
2787,VortexJungleX5,55.0532,369,J,M
2788,IllusionistMidX5,130.915,86,M,S
2789,TheFinisherY5,170.478,280,A,T
2790,CelestialHealX5,12.3367,440,S,J
2791,IroncladV7,114.696,855,T,A
2792,WildfireJglX5,200.396,600,J,S
2793,WispOfLightX5,336.644,890,M,T
2794,BoomHeadshotX5,217.468,1031,A,J
2795,TheGuardianY5,285.184,753,S,M
2796,TheNomadY5,212.452,803,T,J
2797,ToxicTrapperX5,61.7383,630,J,A
2798,StarGazerMidX5,156.876,605,M,S
2799,FrostfireShotX5,346.129,833,A,T
2800,MuteButtonSuppX5,342.939,1275,S,J
2801,SteelCommanderX5,74.658,670,T,J
2802,ShadowProwlerX5,59.1812,662,J,M
2803,ArcaneScholarX5,146.526,1112,M,S
2804,RapidFireBotX5,38.9432,61,A,T
2805,EternalAegisX5,64.1615,842,S,A
2806,SunfireKingX5,184.201,730,T,M
2807,JungleSageX5,330.166,32,J,S
2808,TheWarpedOneX5,82.1346,519,M,A
2809,CritAndQuitX5,120.078,740,A,J
2810,GuardianStoneX5,339.834,560,S,T
2811,TheBruiserY5,243.758,762,T,A
2812,DeepStrikeV35,335.377,842,J,M
2813,IllusionaryMidX5,360.997,163,M,S
2814,PhantomArrowX5,51.2175,1117,A,T
2815,LifeStealerSuppX5,272.484,800,S,J
2816,IronHeartY5,167.872,871,T,S
2817,CosmicViperX5,107.706,377,J,A
2818,RiftWalkerY5,92.9233,899,M,T
2819,SniperY_ADC5,86.2747,177,A,S
2820,TheAlchemistZ5,374.343,704,S,M
2821,TitanOfWarX5,155.89,661,T,J
2822,ManaLeechX5,309.27,452,J,A
2823,VoidBlastX5,41.756,889,M,T
2824,HextechStrikeX5,16.83,307,A,S
2825,AetherHealX5,330.117,637,S,M
2826,TheOutpostX5,19.5819,575,T,J
2827,TerraShaperX5,16.1968,1018,J,M
2828,ShadowScribeX5,172.158,210,M,S
2829,BlazingArrowX5,261.841,992,A,T
2830,OceanicGuardX5,322.689,1023,S,J
2831,GlacialTalonX5,125.107,722,T,A
2832,JungleMasterY5,33.354,389,J,S
2833,WarpMageX5,361.448,410,M,T
2834,PentaDreamerX5,233.164,597,A,J
2835,StoneSkinY5,393.254,18,S,M
2836,TheDreadnoughtY5,141.253,762,T,J
2837,NightshadeJglX5,153.844,567,J,M
2838,TemporalAnchorX5,327.718,707,M,S
2839,LaserBeamBotX5,239.35,281,A,T
2840,AuraOfSacrificeY6,189.486,706,S,J
2841,TrueSteelY5,124.961,371,T,S
2842,TheHunterY5,248.398,480,J,A
2843,CosmicArtisanX5,31.4544,465,M,T
2844,PixelFuryX5,193.991,426,A,S
2845,ZenithWardenY5,258.432,749,S,M
2846,CrimsonLordY5,149.741,680,T,J
2847,BeastMasterY5,386.191,182,J,M
2848,CyberneticMidY5,51.5097,614,M,S
2849,PixelPusherY5,212.683,673,A,T
2850,TheSoulWispY5,17.7919,719,S,J
2851,StormBreakerY5,271.765,635,T,A
2852,VoidGatekeeperY5,292.868,1171,J,S
2853,ArcaneTorrentY5,303.182,208,M,T
2854,TrueStrikeY5,164.962,1033,A,S
2855,RelicHunterY5,361.229,350,S,M
2856,TitanCladY5,252.83,650,T,J
2857,MistAssassinY5,259.637,24,J,A
2858,StarFallMageY5,20.5804,942,M,S
2859,SpectralBowY5,326.525,318,A,T
2860,StoneSentinelY5,53.044,912,S,J
2861,TheRenegadeZ6,110.007,1197,T,S
2862,FlickerStepY5,117.435,428,J,A
2863,TemporalShiftY5,110.957,437,M,T
2864,LaserBladeY5,226.151,913,A,J
2865,AstralCompassY5,161.223,382,S,M
2866,HeavyMetalTopY5,4.81137,706,T,J
2867,JunglePhoenixY5,254.827,1052,J,A
2868,ElementalMidY5,190.29,1799,M,S
2869,BlazeCannonY5,39.3572,388,A,T
2870,DivineInterventionY5,180.463,543,S,J
2871,GlacialAxeY5,139.476,577,T,A
2872,ForestGuardianY5,175.203,1319,J,S
2873,ShadowcasterY5,143.287,151,M,T
2874,TheAimbotY5,373.04,583,A,M
2875,SupportiveGhoulY5,396.761,1010,S,T
2876,ThunderstrikeY5,228.294,900,T,J
2877,SwiftPawY5,287.339,0,J,A
2878,WarpGateY5,272.362,890,M,S
2879,GravityShotsY5,369.18,761,A,T
2880,ManaBatteryY5,103.639,1066,S,J
2881,IroncladJuggernautY5,84.1803,353,T,A
2882,ViperJungleY5,226.187,812,J,S
2883,PyrokineticY5,59.4978,167,M,T
2884,BoomstickBotY5,46.3589,428,A,M
2885,ArcaneTetherY5,232.543,792,S,T
2886,TheColossusY5,20.617,439,T,J
2887,CosmicBaneY5,248.325,616,J,M
2888,RiftWalkerMidY5,290.469,725,M,S
2889,TrueSightADCZ5,83.608,616,A,T
2890,StoneSkinSupportY5,46.0058,1056,S,J
2891,BladeOfRuinY5,243.308,651,T,A
2892,CrimsonThornY5,80.442,728,J,S
2893,MidLaneMarauderY5,227.04,243,M,T
2894,LaserStreamY5,172.451,450,A,J
2895,SoulHarvesterY5,105.441,116,S,M
2896,PhoenixTopY5,19.7524,566,T,J
2897,ChaosReaperY5,283.419,522,J,A
2898,GlitterBombY5,237.706,644,M,S
2899,TheGunslingerY5,33.3296,529,A,T
2900,MoonlitAuraY5,177.589,749,S,J
2901,TitanFallX6,244.927,185,T,J
2902,SpiritBladeJglX6,264.666,260,J,M
2903,ArcaneRuneX6,159.592,846,M,S
2904,PrecisionShotX6,150.812,442,A,T
2905,TemporalWarpX6,339.201,757,S,A
2906,VoidEmperorX6,321.082,1129,T,M
2907,IronStanceX6,223.423,298,J,S
2908,RiftWardenX6,295.766,1073,M,A
2909,StarGazerADCY6,176.993,1001,A,J
2910,TheAlchemistY6,133.935,1016,S,T
2911,DeepFreezeTopX6,378.593,1002,T,A
2912,WildernessGuideX6,351.621,307,J,M
2913,FrostfireMidX6,138.842,501,M,S
2914,LethalityBotX6,365.941,997,A,T
2915,HealingBeaconX6,206.668,705,S,J
2916,TheJuggernautX7,256.008,298,T,S
2917,ShadowStrikeX6,175.142,24,J,A
2918,DreamWeaverX6,80.5029,503,M,T
2919,CosmicFlareX6,386.983,0,A,S
2920,MistBenderX6,172.706,603,S,M
2921,ChaosBreakerX6,171.903,445,T,J
2922,WarpJumperX6,282.98,398,J,A
2923,EtherealMageX6,102.896,555,M,T
2924,TheOutlanderX6,142.995,88,A,S
2925,LifeWeaverX6,248.702,697,S,M
2926,VoidTitanX6,84.1438,610,T,J
2927,AncientSpiritX6,222.047,1012,J,M
2928,StormCallerX6,370.483,506,M,S
2929,AuraOfMightADCY6,352.875,485,A,T
2930,TheCatalystY6,161.991,282,S,J
2931,ApexPredatorX6,143.068,448,T,A
2932,IronTuskX6,157.022,1303,J,S
2933,CrimsonArtX6,309.648,0,M,T
2934,ArcaneMarksmanY6,67.6319,517,A,J
2935,ChronoAnchorX6,341.502,650,S,M
2936,StarKillerTopX6,90.7071,831,T,J
2937,DeepForestJglX6,91.2794,1215,J,A
2938,PixelSurgeonX6,61.4582,577,M,T
2939,TheBoomerangX6,103.42,840,A,S
2940,DivineSmiteX6,316.235,313,S,J
2941,SteelHeartX6,267.662,680,T,S
2942,GhostWolfX6,10.4371,705,J,A
2943,FlameWielderX6,85.2397,704,M,T
2944,TrueShotADCY6,286.67,1419,A,J
2945,RunestoneSupportX6,7.74599,130,S,M
2946,TheNomadX7,47.4913,534,T,J
2947,RiftBladeX6,385.668,360,J,M
2948,FrostbiteMageX6,9.32899,1257,M,S
2949,LunarBowX6,175.093,688,A,T
2950,ZenithWardenX7,311.985,464,S,J
2951,VoidLordY6,176.834,691,T,A
2952,StormJumperX6,204.378,477,J,S
2953,TheOracleMidX6,108.863,1804,M,T
2954,PhantomStrikeX6,83.2062,320,A,J
2955,AuraOfSacrificeY6,353.91,685,S,M
2956,ShadowPlateX6,191.727,694,T,J
2957,MysticTrapperX6,22.7479,135,J,A
2958,TemporalCloneX6,10.0474,643,M,S
2959,GalacticShotX6,87.9673,683,A,T
2960,MaelstromSupportX6,102.433,326,S,J
2961,TheWreckingBallX6,6.93014,831,T,S
2962,BushidoJglX6,167.409,995,J,A
2963,CrimsonBladeMidX6,312.533,15,M,T
2964,HighNoonBotX6,244.806,968,A,J
2965,SpiritHealerX6,383.671,917,S,M
2966,IronWillY6,36.7879,455,T,J
2967,JungleGhostX6,240.714,371,J,M
2968,LaneManipulatorX6,231.119,709,M,S
2969,FocusFireY6,386.63,458,A,T
2970,CelestialGuardX6,323.687,219,S,J
2971,TheExecutionerY6,341.941,649,T,A
2972,ManaDrainerX6,271.863,718,J,S
2973,ElementalFuryX6,313.593,925,M,T
2974,TwinBarrelX6,339.956,18,A,M
2975,TheProtectorY6,269.732,645,S,T
2976,TitanHeartX6,60.8494,351,T,J
2977,DeepStrikeY6,132.474,1219,J,A
2978,CosmicVoidX6,40.9037,181,M,S
2979,ArcaneMarksmanY7,381.114,624,A,T
2980,ShadowWardenX6,52.2525,297,S,J
2981,TrueDamageTopX6,89.4894,637,T,S
2982,StoneGazeX6,46.505,0,J,A
2983,PhoenixFlameX6,127.262,805,M,T
2984,PrecisionAuraX6,154.1,289,A,J
2985,TheClericX6,289.3,848,S,M
2986,AuraTankX6,357.028,0,T,J
2987,VortexJungleX6,360.121,665,J,M
2988,IllusionistMidX6,239.959,243,M,S
2989,TheFinisherY6,7.90429,943,A,T
2990,CelestialHealX6,269.756,180,S,J
2991,IroncladV8,41.135,604,T,A
2992,WildfireJglX6,296.643,360,J,S
2993,WispOfLightX6,92.3997,816,M,T
2994,BoomHeadshotX6,207.301,483,A,J
2995,TheGuardianY6,382.477,47,S,M
2996,TheNomadY6,220.476,892,T,J
2997,ToxicTrapperX6,31.0404,1496,J,A
2998,StarGazerMidX6,382.66,254,M,S
2999,FrostfireShotX6,123.439,575,A,T
3000,MuteButtonSuppX6,272.106,382,S,J
